SET FOREIGN_KEY_CHECKS = 0;
SET SQL_MODE="NO_AUTO_VALUE_ON_ZERO";
SET time_zone = "+00:00";


/*!40101 SET @OLD_CHARACTER_SET_CLIENT=@@CHARACTER_SET_CLIENT */;
/*!40101 SET @OLD_CHARACTER_SET_RESULTS=@@CHARACTER_SET_RESULTS */;
/*!40101 SET @OLD_COLLATION_CONNECTION=@@COLLATION_CONNECTION */;
/*!40101 SET NAMES utf8 */;
DROP TABLE IF EXISTS `tbl_balance` CASCADE;

CREATE TABLE `tbl_balance` (
  `id` int(11) NOT NULL AUTO_INCREMENT,
  `contabilidad` int(11) NOT NULL,
  `periodo` int(11) NOT NULL,
  PRIMARY KEY (`id`,`contabilidad`,`periodo`),
  KEY `fk_tbl_balance_tbl_contabilidad1_idx` (`contabilidad`),
  KEY `fk_tbl_balance_tbl_periodo1_idx` (`periodo`),
  CONSTRAINT `fk_tbl_balance_tbl_contabilidad1` FOREIGN KEY (`contabilidad`) REFERENCES `tbl_contabilidad` (`id`) ON UPDATE CASCADE,
  CONSTRAINT `fk_tbl_balance_tbl_periodo1` FOREIGN KEY (`periodo`) REFERENCES `tbl_periodo` (`id`) ON UPDATE CASCADE
) ENGINE=InnoDB AUTO_INCREMENT=9 DEFAULT CHARSET=utf8;

INSERT INTO `tbl_balance` ( ID, CONTABILIDAD, PERIODO ) VALUES
 ( 1, 1, 1 ),
 ( 2, 1, 2 ),
 ( 3, 1, 3 ),
 ( 4, 1, 4 ),
 ( 5, 1, 5 ),
 ( 6, 1, 6 ),
 ( 7, 1, 7 ),
 ( 8, 1, 8 );

DROP TABLE IF EXISTS `tbl_balance_detalle` CASCADE;

CREATE TABLE `tbl_balance_detalle` (
  `id` int(11) NOT NULL AUTO_INCREMENT,
  `balance` int(11) NOT NULL,
  `catalogo` int(11) NOT NULL,
  `cuenta` varchar(20) NOT NULL,
  `ini_debe` double DEFAULT NULL,
  `ini_haber` double DEFAULT NULL,
  `per_debe` double DEFAULT NULL,
  `per_haber` double DEFAULT NULL,
  `fin_debe` double DEFAULT NULL,
  `fin_haber` double DEFAULT NULL,
  PRIMARY KEY (`id`,`balance`,`catalogo`,`cuenta`),
  KEY `fk_tbl_balance_detalle_tbl_balance1_idx` (`balance`),
  KEY `fk_tbl_balance_detalle_tbl_cuenta1_idx` (`cuenta`,`catalogo`),
  CONSTRAINT `fk_tbl_balance_detalle_tbl_balance1` FOREIGN KEY (`balance`) REFERENCES `tbl_balance` (`id`) ON DELETE CASCADE ON UPDATE CASCADE,
  CONSTRAINT `fk_tbl_balance_detalle_tbl_cuenta1` FOREIGN KEY (`cuenta`, `catalogo`) REFERENCES `tbl_cuenta` (`id`, `catalogo`) ON DELETE CASCADE ON UPDATE CASCADE
) ENGINE=InnoDB AUTO_INCREMENT=55 DEFAULT CHARSET=utf8;

INSERT INTO `tbl_balance_detalle` ( ID, BALANCE, CATALOGO, CUENTA, INI_DEBE, INI_HABER, PER_DEBE, PER_HABER, FIN_DEBE, FIN_HABER ) VALUES
 ( 1, 8, 1, '1', 0, 0, 531160.39, 0, 531160.39, 0 ),
 ( 2, 8, 1, '11', 0, 0, 531160.39, 0, 531160.39, 0 ),
 ( 3, 8, 1, '112', 0, 0, 380059.67, 0, 380059.67, 0 ),
 ( 4, 8, 1, '11202', 0, 0, 380059.67, 0, 380059.67, 0 ),
 ( 5, 8, 1, '1120207', 0, 0, 380059.67, 0, 380059.67, 0 ),
 ( 6, 8, 1, '113', 0, 0, 151100.72, 0, 151100.72, 0 ),
 ( 7, 8, 1, '11302', 0, 0, 151100.72, 0, 151100.72, 0 ),
 ( 8, 8, 1, '1130201', 0, 0, 1120.37, 0, 1120.37, 0 ),
 ( 9, 8, 1, '1130202', 0, 0, 149980.35, 0, 149980.35, 0 ),
 ( 10, 8, 1, '4', 0, 0, 0, 3065921.31, 0, 3065921.31 ),
 ( 11, 8, 1, '41', 0, 0, 0, 3065921.31, 0, 3065921.31 ),
 ( 12, 8, 1, '412', 0, 0, 0, 3065921.31, 0, 3065921.31 ),
 ( 13, 8, 1, '41202', 0, 0, 0, 3058000, 0, 3058000 ),
 ( 14, 8, 1, '41203', 0, 0, 0, 7921.31, 0, 7921.31 ),
 ( 15, 8, 1, '4120301', 0, 0, 0, 7921.31, 0, 7921.31 ),
 ( 16, 8, 1, '5', 0, 0, 2536334.92, 1574, 2534760.92, 0 ),
 ( 17, 8, 1, '52', 0, 0, 2536334.92, 1574, 2534760.92, 0 ),
 ( 18, 8, 1, '521', 0, 0, 1420313.43, 0, 1420313.43, 0 ),
 ( 19, 8, 1, '52101', 0, 0, 1377188.43, 0, 1377188.43, 0 ),
 ( 20, 8, 1, '5210101', 0, 0, 1377188.43, 0, 1377188.43, 0 ),
 ( 21, 8, 1, '521010101', 0, 0, 1084869.97, 0, 1084869.97, 0 ),
 ( 22, 8, 1, '521010102', 0, 0, 205548.41, 0, 205548.41, 0 ),
 ( 23, 8, 1, '521010103', 0, 0, 86770.05, 0, 86770.05, 0 ),
 ( 24, 8, 1, '52102', 0, 0, 43125, 0, 43125, 0 ),
 ( 25, 8, 1, '5210201', 0, 0, 500, 0, 500, 0 ),
 ( 26, 8, 1, '5210205', 0, 0, 42625, 0, 42625, 0 ),
 ( 27, 8, 1, '522', 0, 0, 841001.85, 0, 841001.85, 0 ),
 ( 28, 8, 1, '52201', 0, 0, 528001.16, 0, 528001.16, 0 ),
 ( 29, 8, 1, '5220102', 0, 0, 44217.5, 0, 44217.5, 0 ),
 ( 30, 8, 1, '5220103', 0, 0, 195894.66, 0, 195894.66, 0 ),
 ( 31, 8, 1, '5220104', 0, 0, 7385, 0, 7385, 0 ),
 ( 32, 8, 1, '5220105', 0, 0, 10875, 0, 10875, 0 ),
 ( 33, 8, 1, '5220106', 0, 0, 269629, 0, 269629, 0 ),
 ( 34, 8, 1, '52202', 0, 0, 313000.69, 0, 313000.69, 0 ),
 ( 35, 8, 1, '5220201', 0, 0, 36834.03, 0, 36834.03, 0 ),
 ( 36, 8, 1, '5220202', 0, 0, 900, 0, 900, 0 ),
 ( 37, 8, 1, '5220205', 0, 0, 22634.16, 0, 22634.16, 0 ),
 ( 38, 8, 1, '5220207', 0, 0, 15000, 0, 15000, 0 ),
 ( 39, 8, 1, '5220209', 0, 0, 237632.5, 0, 237632.5, 0 ),
 ( 40, 8, 1, '523', 0, 0, 103417.1, 1574, 101843.1, 0 ),
 ( 41, 8, 1, '52301', 0, 0, 6964, 0, 6964, 0 ),
 ( 42, 8, 1, '5230104', 0, 0, 6964, 0, 6964, 0 ),
 ( 43, 8, 1, '52302', 0, 0, 96453.1, 1574, 94879.1, 0 ),
 ( 44, 8, 1, '5230201', 0, 0, 8483, 0, 8483, 0 ),
 ( 45, 8, 1, '5230202', 0, 0, 70881.8, 1242, 69639.8, 0 ),
 ( 46, 8, 1, '5230206', 0, 0, 2176, 0, 2176, 0 ),
 ( 47, 8, 1, '5230207', 0, 0, 14912.3, 332, 14580.3, 0 ),
 ( 48, 8, 1, '524', 0, 0, 171602.54, 0, 171602.54, 0 ),
 ( 49, 8, 1, '52402', 0, 0, 55055.75, 0, 55055.75, 0 ),
 ( 50, 8, 1, '5240203', 0, 0, 26355.75, 0, 26355.75, 0 ),
 ( 51, 8, 1, '5240205', 0, 0, 28700, 0, 28700, 0 ),
 ( 52, 8, 1, '52403', 0, 0, 116546.79, 0, 116546.79, 0 ),
 ( 53, 8, 1, '5240301', 0, 0, 84119.75, 0, 84119.75, 0 ),
 ( 54, 8, 1, '5240302', 0, 0, 32427.04, 0, 32427.04, 0 );

DROP TABLE IF EXISTS `tbl_catalogo` CASCADE;

CREATE TABLE `tbl_catalogo` (
  `id` int(11) NOT NULL AUTO_INCREMENT,
  `nombre` tinytext NOT NULL,
  PRIMARY KEY (`id`)
) ENGINE=InnoDB AUTO_INCREMENT=2 DEFAULT CHARSET=utf8;

INSERT INTO `tbl_catalogo` ( ID, NOMBRE ) VALUES
 ( 1, 'catalogo 1' );

DROP TABLE IF EXISTS `tbl_consolidados` CASCADE;

CREATE TABLE `tbl_consolidados` (
  `contabilidad` int(11) NOT NULL,
  `origen` int(11) NOT NULL,
  PRIMARY KEY (`contabilidad`,`origen`),
  UNIQUE KEY `UNIQUE` (`contabilidad`,`origen`),
  KEY `fk_tbl_origenes_tbl_contabilidad2_idx` (`origen`),
  CONSTRAINT `fk_tbl_origenes_tbl_contabilidad1` FOREIGN KEY (`contabilidad`) REFERENCES `tbl_contabilidad` (`id`) ON UPDATE CASCADE,
  CONSTRAINT `fk_tbl_origenes_tbl_contabilidad2` FOREIGN KEY (`origen`) REFERENCES `tbl_contabilidad` (`id`) ON UPDATE CASCADE
) ENGINE=InnoDB DEFAULT CHARSET=utf8;


DROP TABLE IF EXISTS `tbl_contabilidad` CASCADE;

CREATE TABLE `tbl_contabilidad` (
  `id` int(11) NOT NULL AUTO_INCREMENT,
  `nombre` varchar(50) NOT NULL,
  `tipo_cierre` varchar(10) NOT NULL,
  `cuenta_cierre` varchar(20) NOT NULL,
  `catalogo` int(11) NOT NULL,
  `tipo_numeracion` varchar(10) NOT NULL,
  `prefijo_partida` varchar(10) DEFAULT NULL,
  `numero_partida` int(11) DEFAULT NULL,
  `lugares_partida` int(11) DEFAULT NULL,
  `consolidada` tinyint(1) DEFAULT NULL,
  PRIMARY KEY (`id`,`cuenta_cierre`,`catalogo`),
  KEY `fk_tbl_contabilidad_tbl_cuenta1_idx` (`cuenta_cierre`,`catalogo`),
  CONSTRAINT `fk_tbl_contabilidad_tbl_cuenta1` FOREIGN KEY (`cuenta_cierre`, `catalogo`) REFERENCES `tbl_cuenta` (`id`, `catalogo`) ON DELETE NO ACTION ON UPDATE NO ACTION
) ENGINE=InnoDB AUTO_INCREMENT=2 DEFAULT CHARSET=utf8;

INSERT INTO `tbl_contabilidad` ( ID, NOMBRE, TIPO_CIERRE, CUENTA_CIERRE, CATALOGO, TIPO_NUMERACION, PREFIJO_PARTIDA, NUMERO_PARTIDA, LUGARES_PARTIDA, CONSOLIDADA ) VALUES
 ( 1, 'respaldo', 'resultados', '314', 1, 'global', 'UEMA', 2424, 4, 1 );

DROP TABLE IF EXISTS `tbl_cuenta` CASCADE;

CREATE TABLE `tbl_cuenta` (
  `id` varchar(20) NOT NULL,
  `catalogo` int(11) NOT NULL,
  `nombre` tinytext NOT NULL,
  `padre` varchar(20) DEFAULT NULL,
  `detalle` tinyint(1) DEFAULT NULL,
  `grupo` int(11) NOT NULL,
  `nivel` int(11) DEFAULT NULL,
  PRIMARY KEY (`id`,`catalogo`,`grupo`),
  UNIQUE KEY `UNIQUE` (`id`,`catalogo`),
  KEY `fk_tbl_cuenta_tbl_grupo_balance1_idx` (`grupo`),
  KEY `fk_tbl_cuenta_tbl_catalogo1_idx` (`catalogo`),
  CONSTRAINT `fk_tbl_cuenta_tbl_catalogo1` FOREIGN KEY (`catalogo`) REFERENCES `tbl_catalogo` (`id`) ON UPDATE CASCADE,
  CONSTRAINT `fk_tbl_cuenta_tbl_grupo_balance1` FOREIGN KEY (`grupo`) REFERENCES `tbl_grupo` (`id`) ON UPDATE CASCADE
) ENGINE=InnoDB DEFAULT CHARSET=utf8;

INSERT INTO `tbl_cuenta` ( ID, CATALOGO, NOMBRE, PADRE, DETALLE, GRUPO, NIVEL ) VALUES
 ( '1', 1, 'ACTIVO', null, 0, 1, 1 ),
 ( '11', 1, 'CORRIENTE', '1', 0, 1, 2 ),
 ( '111', 1, 'Caja', '11', 0, 1, 3 ),
 ( '11101', 1, 'Caja Chica FGT', '111', 1, 1, 4 ),
 ( '11102', 1, 'Caja Chica Proyectos', '111', 1, 1, 4 ),
 ( '112', 1, 'Bancos', '11', 0, 1, 3 ),
 ( '11201', 1, 'Bancos FGT', '112', 0, 1, 4 ),
 ( '1120101', 1, 'Citiy Bank 300140321011 Euros', '11201', 1, 1, 5 ),
 ( '1120102', 1, 'Citiy Bank 210140321011 Dolares', '11201', 1, 1, 5 ),
 ( '1120103', 1, 'Agromercantil 4160001228 Dolares (Ahorro)', '11201', 1, 1, 5 ),
 ( '1120104', 1, 'G&T Continental 6600048181 Fondo de prestaciones laborales', '11201', 1, 1, 5 ),
 ( '1120105', 1, 'G&T Continental 6600108720 Fondo Prográmatico', '11201', 1, 1, 5 ),
 ( '1120106', 1, 'Bantrab 2010600136 Administración', '11201', 1, 1, 5 ),
 ( '1120107', 1, 'Bantrab 2010600127 Fondo de inversión', '11201', 1, 1, 5 ),
 ( '1120108', 1, 'Bantrab 2010600172  Laboral Ahorro', '11201', 1, 1, 5 ),
 ( '1120109', 1, 'Banrural 3423034114 IGSS-Impuestos', '11201', 1, 1, 5 ),
 ( '1120110', 1, 'Banrural 3423032405 Donaciones Personales', '11201', 1, 1, 5 ),
 ( '1120111', 1, 'CHN 10057048 ISR-Impuestos', '11201', 1, 1, 5 ),
 ( '1120112', 1, 'CHN 11617824 Ahorro-CHN', '11201', 1, 1, 5 ),
 ( '1120113', 1, 'Industrial 2040068189 Industrial-Financiera Occidente', '11201', 1, 1, 5 ),
 ( '1120114', 1, 'Inversión CHN-Plazo Fijo', '11201', 1, 1, 5 ),
 ( '1120115', 1, 'Inversió Financiera de Occidente', '11201', 1, 1, 5 ),
 ( '1120116', 1, 'Agromercantil 315 Inversión Agromerantil-Dólares', '11201', 1, 1, 5 ),
 ( '11202', 1, 'Bancos Desarrollo Local', '112', 0, 1, 4 ),
 ( '1120201', 1, 'G&T Continental 100348656 Centro Cooperativo Sueco 2010', '11202', 1, 1, 5 ),
 ( '1120202', 1, 'Banrural 3033704983 Caixa/PTM', '11202', 1, 1, 5 ),
 ( '1120203', 1, 'Banrural 3033690315 Aecid/PTM', '11202', 1, 1, 5 ),
 ( '1120204', 1, 'Banrural 3445083385 Navarra Ixcán/PTM/2010', '11202', 1, 1, 5 ),
 ( '1120205', 1, 'Banrural 3445075464 Alava/PTM', '11202', 1, 1, 5 ),
 ( '1120206', 1, 'Banrural 3445075414 Donostia/PTM', '11202', 1, 1, 5 ),
 ( '1120207', 1, 'Banrural 3445053393 Mancomunidad/UE-PTM', '11202', 1, 1, 5 ),
 ( '1120208', 1, 'Banrural 3423032390 Mancomunidad/Navarra-PTM/2010', '11202', 1, 1, 5 ),
 ( '1120209', 1, 'Banrural 3445088550 Consultoria Verde Azul', '11202', 1, 1, 5 ),
 ( '1120210', 1, 'Banrural 3445208538 Actores No Estatales UE CCS', '11202', 1, 1, 5 ),
 ( '1120211', 1, 'Banrural 3445210390 Manos Unidas 2011-2012', '11202', 1, 1, 5 ),
 ( '1120212', 1, 'Banrural 3445210405 Sodepaz Rioja Mujeres', '11202', 1, 1, 5 ),
 ( '1120213', 1, 'G&T 0100348656 Ciudadania SCC 2011', '11202', 1, 1, 5 ),
 ( '1120214', 1, 'Banrural 34-45-25392-3 DISOP', '11202', 1, 1, 5 ),
 ( '1120215', 1, 'G&T Continental 66-0016072-1 Manos Unidas Emergencia', '11202', 1, 1, 5 ),
 ( '1120216', 1, 'Banrural 3445083385 Navarra Ixcán/PTM/2012', '11202', 1, 1, 5 ),
 ( '1120217', 1, 'Banrural 3-445-29685-9 Ciudadania SCC 2012', '11202', 1, 1, 5 ),
 ( '1120218', 1, 'Banrural 3-445-35858-4 FGT-La Caixa Fase II Año 1', '11202', 1, 1, 5 ),
 ( '1120219', 1, 'Banrural 3445083385 Navarra Ixcán 2013', '11202', 1, 1, 5 ),
 ( '1120220', 1, 'Banrural 34-45-25392-3 DISOP 2013', '11202', 1, 1, 5 ),
 ( '11203', 1, 'Bancos Tierra y Desarrollo Rual', '112', 0, 1, 4 ),
 ( '1120301', 1, 'Banrural 3445075428 Seguridad Alimentaria/OIKOS', '11203', 1, 1, 5 ),
 ( '1120302', 1, 'Banrural 3423037941 Emergencia Agatha/Trocaire', '11203', 1, 1, 5 ),
 ( '1120303', 1, 'Banrural 3423033743 Seguimiento a la Gestión de Riesgo/Trocaire', '11203', 1, 1, 5 ),
 ( '1120304', 1, 'Bantrab 118021176 Sierra de las Minas Año 6', '11203', 1, 1, 5 ),
 ( '1120305', 1, 'Banrural 3423033743 Riesgo y Ambiente Trocaire 2010', '11203', 1, 1, 5 ),
 ( '1120306', 1, 'Banrural 34-45-25389-0 Emergencia Polochic Trocaire', '11203', 1, 1, 5 ),
 ( '1120307', 1, 'Banrural 3445275214 UNFPA /Mujeres Q eqchi s', '11203', 1, 1, 5 ),
 ( '1120308', 1, 'Banrural 3445275246 Emergencia en Alimento San Francisco II/ Trocaire', '11203', 1, 1, 5 ),
 ( '1120309', 1, 'Banrural 34-23-03239-0 Mancomunidad Navarra PTM 2011', '11203', 1, 1, 5 ),
 ( '1120310', 1, 'Bantrab 11-80-02117-6 Sierra de las Minas Año 7', '11203', 1, 1, 5 ),
 ( '1120311', 1, 'G&T Continental 66-16074-7 Emergencias Polochic Varias ADA', '11203', 1, 1, 5 ),
 ( '1120312', 1, 'Banrural 3445296877 Campaña Sin Hambre Action Aid', '11203', 1, 1, 5 ),
 ( '1120313', 1, 'Banrural 3-445-31439-2 FGT-AECID 10-CO1-007 CA-GUA', '11203', 1, 1, 5 ),
 ( '1120314', 1, 'Banrural 3-445-31438-8 Fondos Oficial ActionAid 4 Meses', '11203', 1, 1, 5 ),
 ( '1120315', 1, 'Banrural 3-445-29686-3 Rosa Luxemburg Cambio Climático', '11203', 1, 1, 5 ),
 ( '1120316', 1, 'Bantrab 11-80-02117-6 Sierra de las Minas Año 8', '11203', 1, 1, 5 ),
 ( '1120317', 1, 'Banrural 34-45-27524-6 Emergencia Terremoto 7 Noviembre 2012', '11203', 1, 1, 5 ),
 ( '1120318', 1, 'Banrural 3423032354 Rosa Luxemburg Stiftung 2013', '11203', 1, 1, 5 ),
 ( '1120319', 1, 'Banrural 3-445-31439-2 FGT-AECID 10-CO1-007 CA-GUA', '11203', 1, 1, 5 ),
 ( '1120320', 1, 'Banrural 3-445-31438-8 POA 2013 - Fondos ACTIONAID', '11203', 1, 1, 5 ),
 ( '1120321', 1, 'G&T Continental 66-0016074-7 Fondo Prestaciones PAC-POA', '11203', 1, 1, 5 ),
 ( '1120322', 1, 'G&T Continental 66-0016160-4 Censo Polochic-Trocaire', '11203', 1, 1, 5 ),
 ( '1120323', 1, 'Bantrab 11-80-02117-6 Sierra de las Minas Año 9', '11203', 1, 1, 5 ),
 ( '11204', 1, 'Bancos Desarrollo del Habitat Comunitario', '112', 0, 1, 4 ),
 ( '1120401', 1, 'CHN 10056904 Cuenta Recepción de Transferencias Foguavi', '11204', 1, 1, 5 ),
 ( '1120402', 1, 'Banrural 3445070506 Santiago/Foguavi/ 185 Viviendas', '11204', 1, 1, 5 ),
 ( '1120403', 1, 'Banrural 3423037872 Santiago/Foguavi/ 71 Viviendas', '11204', 1, 1, 5 ),
 ( '1120404', 1, 'Banrural 3445088546 Santiago/Foguavi/30 Viviendas', '11204', 1, 1, 5 ),
 ( '1120405', 1, 'Banrural 3423032299 Ixchiguán/Foguavi/26 Viviendas', '11204', 1, 1, 5 ),
 ( '1120406', 1, 'G&T Continental 6600095711 Santa Ana Petén/Foguavi/52 Viviendas', '11204', 1, 1, 5 ),
 ( '1120407', 1, 'Banrural 3445070487 Santiago/FSS/185 Viviendas', '11204', 1, 1, 5 ),
 ( '1120408', 1, 'Banrural 3445070491 Santiago/FSS/124 Viviendas', '11204', 1, 1, 5 ),
 ( '1120409', 1, 'Banrural 3445075450 Saneamiento Básico/FSS/275 Viviendas', '11204', 1, 1, 5 ),
 ( '1120410', 1, 'Banrural 3445070473 Santa Ana Petén/PNUD/52 Viviendas', '11204', 1, 1, 5 ),
 ( '1120411', 1, 'Banrural 3445084196 Diagnóstico Santiago Atitlán/Municipalidad/AACID', '11204', 1, 1, 5 ),
 ( '1120412', 1, 'Banrural 344508853 Techos San Lucas/CECI', '11204', 1, 1, 5 ),
 ( '1120413', 1, 'Banrural 3033579554 Preinversión', '11204', 1, 1, 5 ),
 ( '1120414', 1, 'Banrural 3445208643 Santiago/Foguavi/20 Viviendas', '11204', 1, 1, 5 ),
 ( '1120415', 1, 'Banrural 3445210372 Ayuntamiento Malaga Cesal', '11204', 1, 1, 5 ),
 ( '1120416', 1, 'Banrural 3445088532 Ceci Instalación Agua', '11204', 1, 1, 5 ),
 ( '1120417', 1, 'Santa Ana Peten Foguavi/ 8 Viviendas', '11204', 1, 1, 5 ),
 ( '1120418', 1, 'Bantrab 101-034175-8 Santa Rosa Colomba 20 Viv', '11204', 1, 1, 5 ),
 ( '1120419', 1, 'Banrural 34-45-25391-9 Xecuyu y San Martin Foguavi 66 Viviendas', '11204', 1, 1, 5 ),
 ( '1120420', 1, 'Banrural 3445253905 Santa Clara Chajul Foguavi 61 Viviendas', '11204', 1, 1, 5 ),
 ( '1120421', 1, 'Banrural 3445266326 Ixchiguán Foguavi 16 Viviendas', '11204', 1, 1, 5 ),
 ( '1120422', 1, 'Banrural 3445253735 Verde y Azul Desarrollo Santa clara y Xecoyeu', '11204', 1, 1, 5 ),
 ( '1120423', 1, 'Banrural 34-45-26634-4 Polochic Vivienda Emergencia/Trocaire', '11204', 1, 1, 5 ),
 ( '1120424', 1, 'Banrural 34-4526636-2 PNUD Ixchiguán 2011', '11204', 1, 1, 5 ),
 ( '1120425', 1, 'Banrural 34-45-27523-2 Sodepaz La Rioja Logroño Viviendas', '11204', 1, 1, 5 ),
 ( '1120426', 1, 'Bantrab 101-041449-8 Foguavi Santa Rosa Colomba 20 Viv 2012', '11204', 1, 1, 5 ),
 ( '1120427', 1, 'Banrural 3-445-25808-3 Mano Obra Verde&Azul / Santa Clara', '11204', 1, 1, 5 ),
 ( '1120428', 1, 'Banrural 3-445-25806-5 Mano Obra Verde&Azul / Xecoyeu', '11204', 1, 1, 5 ),
 ( '1120429', 1, 'Banrural 34-45-43995-7 Foguavi Ixchiguán 9 Viviendas', '11204', 1, 1, 5 ),
 ( '11205', 1, 'Bancos Otros Proyectos', '112', 0, 1, 4 ),
 ( '1120501', 1, 'Banrural 3033349217 Contingencias', '11205', 1, 1, 5 );
INSERT INTO `tbl_cuenta` ( ID, CATALOGO, NOMBRE, PADRE, DETALLE, GRUPO, NIVEL ) VALUES
 ( '1120502', 1, 'Banrural 3445055369 Colectivo Galich II 2010', '11205', 1, 1, 5 ),
 ( '1120503', 1, 'Bantrab 2010600118 Colectivo Galich II 2009', '11205', 1, 1, 5 ),
 ( '1120504', 1, 'Banrural 3423032354 Rosa Luxemburgo 2010', '11205', 1, 1, 5 ),
 ( '1120505', 1, 'Bantrab 2016001512 Rolando Morán', '11205', 1, 1, 5 ),
 ( '1120506', 1, 'Bantrab 2016001399 Incorporación Política', '11205', 1, 1, 5 ),
 ( '1120507', 1, 'Banrural 3423033298 Memoria Histórica', '11205', 1, 1, 5 ),
 ( '1120508', 1, 'Banrural 3445208639 FAFG Exhumaciones', '11205', 1, 1, 5 ),
 ( '1120509', 1, 'Banrural 3423032354 Rosa Luxemburgo 2011', '11205', 1, 1, 5 ),
 ( '1120510', 1, 'Bantrab 118-000757-0 Exhumaciones Cruz Roja Internacional', '11205', 1, 1, 5 ),
 ( '1120511', 1, 'Banrural 34-45-26633-0 Front Line /Seguridad FGT', '11205', 1, 1, 5 ),
 ( '1120512', 1, 'Banrural 34-45-26635-8 Rosa Luxemburgo Entrevistas', '11205', 1, 1, 5 ),
 ( '1120513', 1, 'Banrural 3-423-03787-2 Universidad Guille España', '11205', 1, 1, 5 ),
 ( '1120514', 1, 'Banrural 3423032354 Rosa Luxemburgo 2012', '11205', 1, 1, 5 ),
 ( '1120515', 1, 'G&T Continental 66-0016160-4 RLS 2012 Reunión Contrapartes', '11205', 1, 1, 5 ),
 ( '1120516', 1, 'G&T Continental 92-0008663-7 Fondos Rolando Moran', '11205', 1, 1, 5 ),
 ( '1120517', 1, 'G&T Continental 66-0016160-4 RLS 2012 Saberes Libres', '11205', 1, 1, 5 ),
 ( '1120518', 1, 'Banrural 34-45-38723-8 Colectivo Galich II', '11205', 1, 1, 5 ),
 ( '113', 1, 'Cuentas x Cobrar', '11', 0, 1, 3 ),
 ( '11301', 1, 'Cuentas x Cobrar FGT', '113', 0, 1, 4 ),
 ( '1130101', 1, 'Cuentas x Cobrar a Programas', '11301', 0, 1, 5 ),
 ( '113010101', 1, 'Cobrar a Desarrollo Local', '1130101', 1, 1, 6 ),
 ( '113010102', 1, 'Cobrar aTierra y Desarrollo Rural', '1130101', 1, 1, 6 ),
 ( '113010103', 1, 'Cobrar a Hábitat Comunitario', '1130101', 1, 1, 6 ),
 ( '113010104', 1, 'Cobrar Administración y Finanzas', '1130101', 1, 1, 6 ),
 ( '113010105', 1, 'Cobrar a Otros Proyectos', '1130101', 1, 1, 6 ),
 ( '1130102', 1, 'Anticipos x Liquidar', '11301', 1, 1, 5 ),
 ( '1130103', 1, 'Deudores Empleados', '11301', 1, 1, 5 ),
 ( '1130104', 1, 'Donaciones Personales x Cobrar', '113', 0, 1, 4 ),
 ( '113010401', 1, 'Caroline Aguirre', '1130104', 1, 1, 5 ),
 ( '113010402', 1, 'Leticia Chanchavac', '1130104', 1, 1, 5 ),
 ( '113010403', 1, 'Grace Valenzuela', '1130104', 1, 1, 5 ),
 ( '113010404', 1, 'Luis Itzul', '1130104', 1, 1, 5 ),
 ( '113010405', 1, 'Walter Ruano', '1130104', 1, 1, 5 ),
 ( '113010406', 1, 'Karina Marroquin', '1130104', 1, 1, 5 ),
 ( '113010407', 1, 'Ronald Garcia', '1130104', 1, 1, 5 ),
 ( '113010408', 1, 'Mayra Plata', '1130104', 1, 1, 5 ),
 ( '113010409', 1, 'Miguel Sisay', '1130104', 1, 1, 5 ),
 ( '113010410', 1, 'Vladimir Valenzuela', '1130104', 1, 1, 5 ),
 ( '113010411', 1, 'Marvin Valenzuela', '1130104', 1, 1, 5 ),
 ( '113010412', 1, 'Susan Ruano', '1130104', 1, 1, 5 ),
 ( '113010413', 1, 'Mariana Rivas', '1130104', 1, 1, 5 ),
 ( '113010414', 1, 'Paola Ruano', '1130104', 1, 1, 5 ),
 ( '113010415', 1, 'Hadee Mendez', '1130104', 1, 1, 5 ),
 ( '113010416', 1, 'Gustavo Pernilla', '1130104', 1, 1, 5 ),
 ( '113010417', 1, 'María Velasquez', '1130104', 1, 1, 5 ),
 ( '113010418', 1, 'Enrique Corral', '1130104', 1, 1, 5 ),
 ( '113010419', 1, 'Clara Virginia Morales', '1130104', 1, 1, 5 ),
 ( '113010420', 1, 'Jorge Macías', '1130104', 1, 1, 5 ),
 ( '113010421', 1, 'Wendy Martínez', '1130104', 1, 1, 5 ),
 ( '113010422', 1, 'Leandra González', '1130104', 1, 1, 5 ),
 ( '113010423', 1, 'Angel Berna Gil', '1130104', 1, 1, 5 ),
 ( '113010424', 1, 'Aldy Santos García', '1130104', 1, 1, 5 ),
 ( '113010425', 1, 'Leocadio Camposeco', '1130104', 1, 1, 5 ),
 ( '1130105', 1, 'Cuenta por cobrar a terceros', '11301', 1, 1, 5 ),
 ( '11302', 1, 'Cuentas x Cobrar Desarrollo Local', '113', 0, 1, 4 ),
 ( '1130201', 1, 'Cuentas x Cobrar', '11302', 1, 1, 5 ),
 ( '1130202', 1, 'Anticipos x Liquidar', '11302', 1, 1, 5 ),
 ( '11303', 1, 'Cuentas x Cobrar Tierra y Desarrollo Rural', '113', 0, 1, 4 ),
 ( '1130301', 1, 'Cuentas x Cobrar', '11303', 1, 1, 5 ),
 ( '1130302', 1, 'Anticipos x Liquidar', '11303', 1, 1, 5 ),
 ( '11304', 1, 'Cuentas x Cobrar Desarrollo del Hábitat Comunitario', '113', 0, 1, 4 ),
 ( '1130401', 1, 'Cuentas x Cobrar', '11304', 1, 1, 5 ),
 ( '1130402', 1, 'Anticipos x Liquidar', '11304', 1, 1, 5 ),
 ( '11305', 1, 'Cuentas x Cobrar Otros Proyectos', '113', 0, 1, 4 ),
 ( '1130501', 1, 'Cuentas x Cobrar', '11305', 1, 1, 5 ),
 ( '1130502', 1, 'Anticipos x Liquidar', '11305', 1, 1, 5 ),
 ( '1130503', 1, 'Deudores Empleados', '11305', 1, 1, 5 ),
 ( '12', 1, 'NO CORRIENTE', '1', 0, 1, 2 ),
 ( '121', 1, 'Propiedad, Planta y Equipo', '12', 0, 1, 3 ),
 ( '12101', 1, 'Terrenos', '121', 1, 1, 4 ),
 ( '12102', 1, 'Inmuebles', '121', 1, 1, 4 ),
 ( '12103', 1, 'Mobiliario y Equipo', '121', 0, 1, 4 ),
 ( '1210301', 1, 'Costo historico Mobiliario y Equipo', '12103', 1, 1, 5 ),
 ( '1210302', 1, '(Depreciación Acumulada Mobiliario y Equipo)', '12103', 1, 1, 5 ),
 ( '12104', 1, 'Equipo de Computo y Software', '121', 0, 1, 4 ),
 ( '1210401', 1, 'Costo historico Equipo de Computo y Software', '12104', 1, 1, 5 ),
 ( '1210402', 1, '(Depreciación Acumulada Equipo de Computo y Software)', '12104', 1, 1, 5 ),
 ( '12105', 1, 'Vehiculos', '121', 0, 1, 4 ),
 ( '1210501', 1, 'Costo histórico Vehiculos', '12105', 1, 1, 5 ),
 ( '1210502', 1, '(Depreciación Acumulada Vehiculos)', '12105', 1, 1, 5 ),
 ( '12106', 1, 'Otros Activos', '121', 0, 1, 4 ),
 ( '1210601', 1, 'Deposito en Garantía', '12106', 1, 1, 5 ),
 ( '12107', 1, 'Equipo de Comunicación y Geografía', '12', 0, 1, 3 ),
 ( '1210701', 1, 'Costo Histórico Equipo de Comunicación y Geografía', '12107', 1, 1, 4 ),
 ( '1210702', 1, '(Depreciación Acumulada Equipo de Comunicación y Geografía)', '12107', 1, 1, 4 ),
 ( '2', 1, 'PASIVO', null, 0, 7, 1 ),
 ( '21', 1, 'CORRIENTE', '2', 0, 7, 2 ),
 ( '211', 1, 'Cuentas x Pagar', '21', 0, 7, 3 ),
 ( '21101', 1, 'Cuentas x Pagar FGT', '211', 0, 7, 4 ),
 ( '2110101', 1, 'Cuentas x Pagar a Proyectos', '21101', 1, 7, 5 ),
 ( '2110102', 1, 'Retención Igss Laboral', '21101', 1, 7, 5 ),
 ( '2110103', 1, 'Impuestos x Pagar', '21101', 1, 7, 5 ),
 ( '2110104', 1, 'Otras cuentas x Pagar', '21101', 1, 7, 5 ),
 ( '2110105', 1, 'Reintegro  de Excedentes Liquidacions x Pagar', '21101', 1, 7, 5 ),
 ( '2110106', 1, 'Fondo de Ahorro Laboral', '21101', 0, 7, 5 ),
 ( '211010601', 1, 'Andreina Mejia', '2110106', 1, 7, 6 ),
 ( '211010602', 1, 'Cuenta por pagar a Acreedores', '21101', 1, 7, 5 ),
 ( '2110107', 1, 'Cuentas x Pagar a Acreedores', '21101', 1, 7, 5 ),
 ( '2110108', 1, 'Cuentas x Pagar a Proveedores', '211', 1, 7, 4 ),
 ( '2110109', 1, 'Cuota Laboral-Patronal IGSS x Pagar', '21101', 1, 7, 5 );
INSERT INTO `tbl_cuenta` ( ID, CATALOGO, NOMBRE, PADRE, DETALLE, GRUPO, NIVEL ) VALUES
 ( '2110110', 1, 'Retención ISR Asalariados', '21101', 1, 7, 5 ),
 ( '21102', 1, 'Cuentas x Pagar Desarrollo Local', '211', 0, 7, 4 ),
 ( '2110201', 1, 'Cuentas x Pagar a Proyectos', '21102', 1, 7, 5 ),
 ( '2110202', 1, 'Cuentas x Pagar a FGT', '21102', 1, 7, 5 ),
 ( '2110203', 1, 'Cuentas x Pagar a Proveedores', '21102', 1, 7, 5 ),
 ( '2110204', 1, 'Retención Igss Laboral', '21102', 1, 7, 5 ),
 ( '2110205', 1, 'Impuestos x Pagar', '21102', 1, 7, 5 ),
 ( '2110206', 1, 'Reintegro de Excedentes  Liquidaciones x Pagar', '21102', 1, 7, 5 ),
 ( '2110207', 1, 'Otras Cuentas x Pagar', '21102', 1, 7, 5 ),
 ( '2110208', 1, 'Retención ISR Asalariados Desarrollo Local', '21102', 1, 7, 5 ),
 ( '21103', 1, 'Cuentas x Pagar Tierra y Desarrollo Rural', '211', 0, 7, 4 ),
 ( '2110301', 1, 'Cuentas x Pagar a Proyectos', '21103', 1, 7, 5 ),
 ( '2110302', 1, 'Cuentas x Pagar a FGT', '21103', 1, 7, 5 ),
 ( '2110303', 1, 'Cuentas x Pagar a Proveedores', '21103', 1, 7, 5 ),
 ( '2110304', 1, 'Retención Igss Laboral', '21103', 1, 7, 5 ),
 ( '2110305', 1, 'Impuestos x Pagar', '21103', 1, 7, 5 ),
 ( '2110306', 1, 'Reintegro de Excedentes  Liquidaciones x Pagar', '21103', 1, 7, 5 ),
 ( '2110307', 1, 'Otras Cuentas x Pagar', '21103', 1, 7, 5 ),
 ( '2110308', 1, 'Retención ISR Asalariados Tierra y Desarrollo', '21103', 1, 7, 5 ),
 ( '2110309', 1, 'Prestaciones Laborales Fondos POA', '21103', 1, 7, 5 ),
 ( '2110310', 1, 'Prestaciones Laborales Fondos PAC', '21103', 1, 7, 5 ),
 ( '21104', 1, 'Cuentas x Pagar  Desarrollo del Habitat Comunitario', '211', 0, 7, 4 ),
 ( '2110401', 1, 'Cuentas x Pagar a Proyectos', '21104', 1, 7, 5 ),
 ( '2110402', 1, 'Cuentas x Pagar a FGT', '21104', 1, 7, 5 ),
 ( '2110403', 1, 'Cuentas x Pagar a Proveedores', '21104', 1, 7, 5 ),
 ( '2110404', 1, 'Retención Igss Laboral', '21104', 1, 7, 5 ),
 ( '2110405', 1, 'Impuestos x Pagar', '21104', 1, 7, 5 ),
 ( '2110406', 1, 'Reintegro de Excedentes  Liquidaciones x Pagar', '21104', 1, 7, 5 ),
 ( '2110407', 1, 'Exención IVA', '21104', 1, 7, 5 ),
 ( '2110408', 1, 'Otras Cuentas x Pagar', '21104', 1, 7, 5 ),
 ( '2110409', 1, 'Retención ISR Asalariados Hábitat Comunitario', '21104', 1, 7, 5 ),
 ( '2110410', 1, 'Mano de Obra x Pagar Sistema de Agua Santa Clara', '21104', 1, 7, 5 ),
 ( '2110411', 1, 'Mano de Obra x Pagar Sistema de Agua Xecoyeu', '21104', 1, 7, 5 ),
 ( '2110412', 1, 'Mano de Obra x Pagar Techo Recolector Santa Clara', '21104', 1, 7, 5 ),
 ( '2110413', 1, 'Mano de Obra x Pagar Techo Recolector Xecoyeu', '21104', 1, 7, 5 ),
 ( '2110414', 1, 'Mano de Obra x Pagar Sistema de recolección y almacenamiento de Agua Sta. Clara', '21104', 1, 7, 5 ),
 ( '2110415', 1, 'Mano de Obra x Pagar Sistema de recolección y almacenamiento de Agua Xecoyeu', '21104', 1, 7, 5 ),
 ( '2110416', 1, 'Mano de Obra x Pagar Estufas ahorradoras leña (Sta Clara)', '21104', 1, 7, 5 ),
 ( '2110417', 1, 'Mano de Obra x Pagar Estufas ahorradoras leña (Xecoyeu)', '21104', 1, 7, 5 ),
 ( '2110418', 1, 'Mano de Obra x Pagar Letrinas Santa Clara', '21104', 1, 7, 5 ),
 ( '2110419', 1, 'Mano de Obra x Pagar Letrinas Xecoyeu', '21104', 1, 7, 5 ),
 ( '2110420', 1, 'Mano de Obra x Pagar Pilas Santa Clara', '21104', 1, 7, 5 ),
 ( '2110421', 1, 'Mano de Obra x Pagar Pilas Xecoyeu', '21104', 1, 7, 5 ),
 ( '2110422', 1, 'Mano de Obra x Pagar Sumideros Santa Clara', '21104', 1, 7, 5 ),
 ( '2110423', 1, 'Mano de Obra x Pagar Sumideros Xecoyeu', '21104', 1, 7, 5 ),
 ( '2110424', 1, 'Mano de Obra x Pagar Composteras Santa Clara', '21104', 1, 7, 5 ),
 ( '2110425', 1, 'Mano de Obra x Pagar Composteras Xecoyeu', '21104', 1, 7, 5 ),
 ( '2110426', 1, 'Mano de Obra x Pagar Construcción Escuela Santa Clara', '21104', 1, 7, 5 ),
 ( '2110427', 1, 'Mano de Obra x Pagar Construcción Escuela Xecoyeu', '21104', 1, 7, 5 ),
 ( '2110428', 1, 'Mano Obra x Pagar Personal de Campo', '21104', 1, 7, 5 ),
 ( '21105', 1, 'Cuentas x Pagar  Otros Proyectos', '211', 0, 7, 4 ),
 ( '2110501', 1, 'Cuentas x Pagar a Proyectos', '21105', 1, 7, 5 ),
 ( '2110502', 1, 'Cuentas x Pagar a FGT', '21105', 1, 7, 5 ),
 ( '2110503', 1, 'Cuentas x Pagar a Proveedores', '21105', 1, 7, 5 ),
 ( '2110504', 1, 'Retención Igss Laboral', '21105', 1, 7, 5 ),
 ( '2110505', 1, 'Impuestos x Pagar', '21105', 1, 7, 5 ),
 ( '2110506', 1, 'Reintegro de Excedentes  Liquidaciones x Pagar', '21105', 1, 7, 5 ),
 ( '2110507', 1, 'Otras Cuentas x Pagar', '21105', 1, 7, 5 ),
 ( '2110508', 1, 'Retención ISR Asalariados Otros Proyectos', '21105', 1, 7, 5 ),
 ( '22', 1, 'NO CORRIENTE', '2', 0, 7, 2 ),
 ( '221', 1, 'Prestaciones x Pagar', '22', 0, 7, 3 ),
 ( '22101', 1, 'Prestaciones x Pagar FGT', '221', 0, 7, 4 ),
 ( '2210101', 1, 'Indeminización x Pagar', '22101', 1, 7, 5 ),
 ( '2210102', 1, 'Bono 14 x Pagar', '22101', 1, 7, 5 ),
 ( '2210103', 1, 'Aguinaldo x Pagar', '22101', 1, 7, 5 ),
 ( '2210104', 1, 'Prestaciones Años Anteriores', '22101', 1, 7, 5 ),
 ( '2210105', 1, 'Intereses Laborales Devengados', '22101', 1, 7, 5 ),
 ( '222', 1, 'Hipotecas', '22', 0, 7, 3 ),
 ( '22201', 1, 'Prestámos Hipotecarios FGT', '222', 0, 7, 4 ),
 ( '2220101', 1, 'Préstamo Hipotecario a Largo Plazo/ Bantrab', '22201', 1, 7, 5 ),
 ( '2220102', 1, 'Préstamo Financiera Occidente', '22201', 1, 7, 5 ),
 ( '3', 1, 'Patrimonio', null, 0, 2, 1 ),
 ( '31', 1, 'Patrimonio FGT', '3', 0, 2, 2 ),
 ( '311', 1, 'Aporte de Fundadores', '31', 1, 2, 3 ),
 ( '312', 1, 'Excedentes Capitalizados', '31', 1, 2, 3 ),
 ( '313', 1, 'Donaciones en activos fijos', '31', 1, 2, 3 ),
 ( '314', 1, 'Resultados del Ejercicio', '31', 1, 2, 3 ),
 ( '4', 1, 'INGRESOS', null, 0, 4, 1 ),
 ( '41', 1, 'Donaciones', '4', 0, 4, 2 ),
 ( '411', 1, 'Donaciones FGT', '41', 0, 4, 3 ),
 ( '41101', 1, 'Donaciones Nacionales', '411', 1, 4, 4 ),
 ( '41102', 1, 'Donaciones Internacionales', '411', 1, 4, 4 ),
 ( '41103', 1, 'Donaciones Personales (Varias)', '411', 1, 4, 4 ),
 ( '41104', 1, 'Fondo Institucional', '411', 1, 4, 4 ),
 ( '41105', 1, 'Gestión Financiera', '411', 0, 4, 4 ),
 ( '4110501', 1, 'Intereses monetarios', '41105', 1, 4, 5 ),
 ( '4110502', 1, 'Intereses banca corporativa', '41105', 1, 4, 5 ),
 ( '4110503', 1, 'Diferencial cambiario', '41105', 1, 4, 5 ),
 ( '4110504', 1, 'Intereses sobre inversiones', '41105', 1, 4, 5 ),
 ( '4110505', 1, 'Otros Ingresos', '41105', 1, 4, 5 ),
 ( '41106', 1, 'Otros Ingresos', '411', 0, 4, 4 ),
 ( '4110601', 1, 'Reintegro de Gastos', '41106', 1, 4, 5 ),
 ( '4110602', 1, 'Fotocopias', '41106', 1, 4, 5 ),
 ( '4110603', 1, 'Uso de Vehiculo', '41106', 1, 4, 5 ),
 ( '4110604', 1, 'Revaluación de Activos', '41106', 1, 4, 5 ),
 ( '412', 1, 'Donaciones Desarrollo Local', '41', 0, 4, 3 ),
 ( '41201', 1, 'Donaciones Nacionales', '412', 1, 4, 4 ),
 ( '41202', 1, 'Donaciones Internacionales', '412', 1, 4, 4 ),
 ( '41203', 1, 'Gestión Financiera', '412', 0, 4, 4 ),
 ( '4120301', 1, 'Intereses monetarios', '41203', 1, 4, 5 );
INSERT INTO `tbl_cuenta` ( ID, CATALOGO, NOMBRE, PADRE, DETALLE, GRUPO, NIVEL ) VALUES
 ( '41204', 1, 'Aporte FGT', '412', 1, 4, 4 ),
 ( '41205', 1, 'Saldo años anteriores', '412', 1, 4, 4 ),
 ( '41206', 1, 'Aporte Contrapartida', '412', 1, 4, 4 ),
 ( '413', 1, 'Donaciones Tierra y Desarrollo Rural', '41', 0, 4, 3 ),
 ( '41301', 1, 'Donaciones Nacionales', '413', 1, 4, 4 ),
 ( '41302', 1, 'Donaciones Internacionales', '413', 1, 4, 4 ),
 ( '41303', 1, 'Gestión Financiera', '413', 0, 4, 4 ),
 ( '4130301', 1, 'Intereses monetarios', '41303', 1, 4, 5 ),
 ( '41304', 1, 'Aporte FGT', '413', 1, 4, 4 ),
 ( '41305', 1, 'Saldos Años Anteriores', '413', 1, 4, 4 ),
 ( '41306', 1, 'Aporte Contrapartida', '413', 1, 4, 4 ),
 ( '414', 1, 'Donaciones Programa de Vivienda', '41', 0, 4, 3 ),
 ( '41401', 1, 'Donaciones Nacionales', '414', 1, 4, 4 ),
 ( '41402', 1, 'Donaciones Internacionales', '414', 1, 4, 4 ),
 ( '41403', 1, 'Gestión Financiera', '414', 0, 4, 4 ),
 ( '4140301', 1, 'Intereses monetarios', '41403', 1, 4, 5 ),
 ( '41404', 1, 'Aporte FGT', '414', 1, 4, 4 ),
 ( '41405', 1, 'Aporte Contrapartida', '414', 1, 4, 4 ),
 ( '415', 1, 'Donaciones Otros Proyectos', '41', 0, 4, 3 ),
 ( '41501', 1, 'Donaciones Nacionales', '415', 1, 4, 4 ),
 ( '41502', 1, 'Donaciones Internacionales', '415', 1, 4, 4 ),
 ( '41503', 1, 'Gestión Financiera', '415', 0, 4, 4 ),
 ( '4150301', 1, 'Intereses monetarios', '41503', 1, 4, 5 ),
 ( '41504', 1, 'Aporte FGT', '415', 1, 4, 4 ),
 ( '41505', 1, 'Donacion por Libros', '415', 1, 4, 4 ),
 ( '41506', 1, 'Donaciones Varias', '415', 1, 4, 4 ),
 ( '41507', 1, 'Aporte Contrapartida', '415', 1, 4, 4 ),
 ( '5', 1, 'EGRESOS', null, 0, 3, 1 ),
 ( '51', 1, 'EGRESOS FGT', '5', 0, 3, 2 ),
 ( '511', 1, 'Personal', '51', 0, 3, 3 ),
 ( '51101', 1, 'Sueldos y Salarios', '511', 0, 3, 4 ),
 ( '5110101', 1, 'Sueldos Ordinarios', '51101', 0, 3, 5 ),
 ( '511010101', 1, 'Dirección General', '5110101', 1, 3, 6 ),
 ( '511010102', 1, 'Dirección Ejecutiva', '5110101', 1, 3, 6 ),
 ( '511010103', 1, 'Desarrollo Local', '5110101', 1, 3, 6 ),
 ( '511010104', 1, 'Tierra y Desarrollo Rural', '5110101', 1, 3, 6 ),
 ( '511010105', 1, 'Hábitat Comunitario', '5110101', 1, 3, 6 ),
 ( '511010106', 1, 'Administración y Finanzas', '5110101', 1, 3, 6 ),
 ( '511010107', 1, 'Gestión', '5110101', 1, 3, 6 ),
 ( '511010108', 1, 'Asistente Dirección General', '5110101', 1, 3, 6 ),
 ( '5110102', 1, 'Bonificaciones', '51101', 0, 3, 5 ),
 ( '511010201', 1, 'Dirección General', '5110102', 1, 3, 6 ),
 ( '511010202', 1, 'Dirección Ejecutiva', '5110102', 1, 3, 6 ),
 ( '511010203', 1, 'Desarrollo Local', '5110102', 1, 3, 6 ),
 ( '511010204', 1, 'Tierra y Desarrollo Rural', '5110102', 1, 3, 6 ),
 ( '511010205', 1, 'Hábitat Comunitario', '5110102', 1, 3, 6 ),
 ( '511010206', 1, 'Administración y Finanzas', '5110102', 1, 3, 6 ),
 ( '511010207', 1, 'Gestión', '5110102', 1, 3, 6 ),
 ( '511010208', 1, 'Asistente Dirección General', '5110102', 1, 3, 6 ),
 ( '5110103', 1, 'Prestaciones Laborales', '51101', 0, 3, 5 ),
 ( '511010301', 1, 'Indenminización', '5110103', 1, 3, 6 ),
 ( '511010302', 1, 'Bono 14', '5110103', 1, 3, 6 ),
 ( '511010303', 1, 'Aguinaldo', '5110103', 1, 3, 6 ),
 ( '511010304', 1, 'Vacaciones', '5110103', 1, 3, 6 ),
 ( '5110104', 1, 'Seguro Médico', '51101', 1, 3, 5 ),
 ( '5110105', 1, 'Cuota Patronal IGSS', '51101', 1, 3, 5 ),
 ( '5110106', 1, 'Vacaciones', '51101', 1, 3, 5 ),
 ( '51102', 1, 'Honorarios', '511', 0, 3, 4 ),
 ( '5110201', 1, 'Personal x Servicios', '51102', 1, 3, 5 ),
 ( '5110202', 1, 'Consultorias-Asesorias', '51102', 1, 3, 5 ),
 ( '5110203', 1, 'Auditoria', '51102', 1, 3, 5 ),
 ( '51103', 1, 'Gastos de Personal', '511', 0, 3, 4 ),
 ( '5110301', 1, 'Apoyo a Personal', '51103', 1, 3, 5 ),
 ( '512', 1, 'Equipo Materiales y Suministros', '51', 0, 3, 3 ),
 ( '51201', 1, 'Papeleria y Utiles', '512', 1, 3, 4 ),
 ( '51202', 1, 'Impresos', '512', 1, 3, 4 ),
 ( '51203', 1, 'Libros y Documentos', '512', 1, 3, 4 ),
 ( '51204', 1, 'Suministrosy  Reuniones', '512', 1, 3, 4 ),
 ( '51205', 1, 'Convivio y Festividades', '512', 1, 3, 4 ),
 ( '51206', 1, 'Cafeteria', '512', 1, 3, 4 ),
 ( '51207', 1, 'Membresías', '512', 1, 3, 4 ),
 ( '513', 1, 'Viajes Estancias y Dietas', '51', 0, 3, 3 ),
 ( '51301', 1, 'Viáticos', '513', 0, 3, 4 ),
 ( '5130101', 1, 'Dirección General', '51301', 1, 3, 5 ),
 ( '5130102', 1, 'Dirección Ejecutiva', '51301', 1, 3, 5 ),
 ( '5130103', 1, 'Administración y Finanzas', '51301', 1, 3, 5 ),
 ( '5130104', 1, 'Mensajeria', '51301', 1, 3, 5 ),
 ( '5130105', 1, 'Gestión', '51301', 1, 3, 5 ),
 ( '5130106', 1, 'Asistente Dirección', '51301', 1, 3, 5 ),
 ( '51302', 1, 'Convivio y Festividades', '513', 1, 3, 4 ),
 ( '51303', 1, 'Reuniones y Asamblea', '513', 1, 3, 4 ),
 ( '514', 1, 'Gastos de Funcionamiento', '51', 0, 3, 3 ),
 ( '51401', 1, 'Oficina Central', '514', 0, 3, 4 ),
 ( '5140101', 1, 'Servicios (electricidad, agua, seguridad)', '51401', 1, 3, 5 ),
 ( '5140102', 1, 'Comunicaciones', '51401', 1, 3, 5 ),
 ( '5140103', 1, 'Mantenimiento de Oficina', '51401', 1, 3, 5 ),
 ( '5140104', 1, 'Mantenimiento de Mobiliario y Equipos', '51401', 1, 3, 5 ),
 ( '51402', 1, 'Oficinas Regionales', '514', 0, 3, 4 ),
 ( '5140201', 1, 'Servicios (agua, luz)', '51402', 1, 3, 5 ),
 ( '5140202', 1, 'Comunicaciones', '51402', 1, 3, 5 ),
 ( '5140203', 1, 'Mantenimiento de Oficina', '51402', 1, 3, 5 ),
 ( '5140204', 1, 'Mantenimiento de Mobiliario y Equipos', '51402', 1, 3, 5 ),
 ( '5140205', 1, 'Alquileres de Oficinas', '51402', 1, 3, 5 ),
 ( '51403', 1, 'Gastos de Vehículos', '514', 0, 3, 4 ),
 ( '5140301', 1, 'Combustible y Mantenimiento', '51403', 1, 3, 5 ),
 ( '5140302', 1, 'Seguros Vehículos', '51403', 1, 3, 5 ),
 ( '5140303', 1, 'Alquiler Vehículos', '51403', 1, 3, 5 ),
 ( '5140304', 1, 'Parqueo', '51403', 1, 3, 5 ),
 ( '515', 1, 'Otros Gastos Institucionales', '51', 0, 3, 3 ),
 ( '51501', 1, 'Aporte a Proyectos', '515', 0, 3, 4 );
INSERT INTO `tbl_cuenta` ( ID, CATALOGO, NOMBRE, PADRE, DETALLE, GRUPO, NIVEL ) VALUES
 ( '5150101', 1, 'Desarrollo Local', '51501', 1, 3, 5 ),
 ( '5150102', 1, 'Tierra y Desarrollo Rural', '51501', 1, 3, 5 ),
 ( '5150103', 1, 'Hábitat Comunitario', '51501', 1, 3, 5 ),
 ( '5150104', 1, 'Otros Proyectos', '51501', 1, 3, 5 ),
 ( '51502', 1, 'Impuestos y Contribuciones', '515', 1, 3, 4 ),
 ( '51503', 1, 'Gastos Financieros Bancarios', '515', 0, 3, 4 ),
 ( '5150301', 1, 'Intereses x Préstamos', '51503', 1, 3, 5 ),
 ( '5150302', 1, 'Gastos Bancarios', '51503', 1, 3, 5 ),
 ( '5150303', 1, 'Gastos Legales', '51503', 1, 3, 5 ),
 ( '5150304', 1, 'Diferencia Cambiario', '51503', 1, 3, 5 ),
 ( '51504', 1, 'Depreciaciones', '515', 0, 3, 4 ),
 ( '5150401', 1, 'Depreciación mobiliario y equipo', '51504', 1, 3, 5 ),
 ( '5150402', 1, 'Depreciación equipo de computo y software', '51504', 1, 3, 5 ),
 ( '5150403', 1, 'Depreciación vehículos', '51504', 1, 3, 5 ),
 ( '5150404', 1, 'Depreciación Equipo de Comunicación y Geografía', '51504', 1, 3, 5 ),
 ( '5150405', 1, 'Depreciación maquinaria', '51504', 1, 3, 5 ),
 ( '51505', 1, 'Devaluación de Activos', '515', 1, 3, 4 ),
 ( '52', 1, 'EGRESOS DESARROLLO LOCAL', '5', 0, 3, 2 ),
 ( '521', 1, 'Personal', '52', 0, 3, 3 ),
 ( '52101', 1, 'Sueldos y Salarios', '521', 0, 3, 4 ),
 ( '5210101', 1, 'Sueldos ordinarios', '52101', 0, 3, 5 ),
 ( '521010101', 1, 'Personal de Proyecto', '5210101', 1, 3, 6 ),
 ( '521010102', 1, 'Personal Administrativo', '5210101', 1, 3, 6 ),
 ( '521010103', 1, 'Dirección Ejecutiva', '5210101', 1, 3, 6 ),
 ( '5210102', 1, 'Bonificaciones', '52101', 0, 3, 5 ),
 ( '521010201', 1, 'Personal de Proyectos', '5210102', 1, 3, 6 ),
 ( '521010202', 1, 'Personal Administrativo', '5210102', 1, 3, 6 ),
 ( '521010203', 1, 'Dirección Ejecutiva', '5210102', 1, 3, 6 ),
 ( '5210103', 1, 'Prestaciones Laborales', '52101', 0, 3, 5 ),
 ( '521010301', 1, 'Personal de Proyectos', '5210103', 1, 3, 6 ),
 ( '521010302', 1, 'Personal Administrativo', '5210103', 1, 3, 6 ),
 ( '521010303', 1, 'Dirección Ejecutiva', '5210103', 1, 3, 6 ),
 ( '5210104', 1, 'Seguro Médico', '52101', 1, 3, 5 ),
 ( '5210105', 1, 'IGSS Cuota Patronal', '52101', 0, 3, 5 ),
 ( '521010501', 1, 'Personal de Proyectos', '5210105', 1, 3, 6 ),
 ( '521010502', 1, 'Personal Administrativo', '5210105', 1, 3, 6 ),
 ( '521010503', 1, 'Dirección Ejecutiva', '5210105', 1, 3, 6 ),
 ( '52102', 1, 'Honorarios', '521', 0, 3, 4 ),
 ( '5210201', 1, 'Personal x Servicios', '52102', 1, 3, 5 ),
 ( '5210202', 1, 'Consultorias', '52102', 1, 3, 5 ),
 ( '5210203', 1, 'Diágnosticos', '52102', 1, 3, 5 ),
 ( '5210204', 1, 'Diseños', '52102', 1, 3, 5 ),
 ( '5210205', 1, 'Asesorias', '52102', 1, 3, 5 ),
 ( '5210206', 1, 'Grupos Artisticos', '52102', 1, 3, 5 ),
 ( '5210207', 1, 'Facilitadores', '52102', 1, 3, 5 ),
 ( '5210208', 1, 'Evaluaciones', '52102', 1, 3, 5 ),
 ( '5210209', 1, 'Auditorias', '52102', 1, 3, 5 ),
 ( '522', 1, 'Equipo Materiales y Suministros', '52', 0, 3, 3 ),
 ( '52201', 1, 'Equipo', '522', 0, 3, 4 ),
 ( '5220101', 1, 'Alquiler de Equipos', '52201', 1, 3, 5 ),
 ( '5220102', 1, 'Equipos para Actividades Productivas', '52201', 1, 3, 5 ),
 ( '5220103', 1, 'Equipos para Actividades Ambientales', '52201', 1, 3, 5 ),
 ( '5220104', 1, 'Equipo de Computo', '52201', 1, 3, 5 ),
 ( '5220105', 1, 'Mobiliario y Equipo', '52201', 1, 3, 5 ),
 ( '5220106', 1, 'Vehículos', '52201', 1, 3, 5 ),
 ( '5220107', 1, 'Equipos y Medicamentos Salud', '52201', 1, 3, 5 ),
 ( '52202', 1, 'Materiales', '522', 0, 3, 4 ),
 ( '5220201', 1, 'Material para Capacitación', '52202', 1, 3, 5 ),
 ( '5220202', 1, 'Material Documentación de Mujeres', '52202', 1, 3, 5 ),
 ( '5220203', 1, 'Reproducción de Material', '52202', 1, 3, 5 ),
 ( '5220204', 1, 'Fotocopias', '52202', 1, 3, 5 ),
 ( '5220205', 1, 'Papelería  y Utiles', '52202', 1, 3, 5 ),
 ( '5220206', 1, 'Materiales para Alfabetización', '52202', 1, 3, 5 ),
 ( '5220207', 1, 'Construcciones', '52202', 1, 3, 5 ),
 ( '5220208', 1, 'Insumos para Actividades Productivas', '52202', 1, 3, 5 ),
 ( '5220209', 1, 'Insumos para Actividades Ambientales', '52202', 1, 3, 5 ),
 ( '5220210', 1, 'Becas', '52202', 1, 3, 5 ),
 ( '5220211', 1, 'Suministros de Computación', '52202', 1, 3, 5 ),
 ( '523', 1, 'Viajes, Estancias y Dietas', '52', 0, 3, 3 ),
 ( '52301', 1, 'Viáticos Personal de Proyectos', '523', 0, 3, 4 ),
 ( '5230101', 1, 'Directora Desarrollo Local', '52301', 1, 3, 5 ),
 ( '5230102', 1, 'Coordinadores', '52301', 1, 3, 5 ),
 ( '5230103', 1, 'Técnicos', '52301', 1, 3, 5 ),
 ( '5230104', 1, 'Promotores', '52301', 1, 3, 5 ),
 ( '5230105', 1, 'Logístas', '52301', 1, 3, 5 ),
 ( '5230106', 1, 'Facilitadores', '52301', 1, 3, 5 ),
 ( '52302', 1, 'Viáticos  Participantes en Actividades', '523', 0, 3, 4 ),
 ( '5230201', 1, 'Encuentros', '52302', 1, 3, 5 ),
 ( '5230202', 1, 'Talleres de Capacitación', '52302', 1, 3, 5 ),
 ( '5230203', 1, 'Diplomados', '52302', 1, 3, 5 ),
 ( '5230204', 1, 'Documentación Mujeres', '52302', 1, 3, 5 ),
 ( '5230205', 1, 'Dietas para Alfabetizadores', '52302', 1, 3, 5 ),
 ( '5230206', 1, 'Campañas', '52302', 1, 3, 5 ),
 ( '5230207', 1, 'Reuniones', '52302', 1, 3, 5 ),
 ( '5230208', 1, 'Evaluaciones', '52302', 1, 3, 5 ),
 ( '5230209', 1, 'Guarderia', '52302', 1, 3, 5 ),
 ( '5230210', 1, 'Seminarios', '52302', 1, 3, 5 ),
 ( '5230211', 1, 'Actividades Ambientales', '52302', 1, 3, 5 ),
 ( '5230212', 1, 'Actividades Productivas', '52302', 1, 3, 5 ),
 ( '5230213', 1, 'Pasantias', '52302', 1, 3, 5 ),
 ( '524', 1, 'Funcionamiento', '52', 0, 3, 3 ),
 ( '52401', 1, 'Oficina Central', '524', 0, 3, 4 ),
 ( '5240101', 1, 'Servicios (electricidad, agua, seguridad)', '52401', 1, 3, 5 ),
 ( '5240102', 1, 'Comunicaciones', '52401', 1, 3, 5 ),
 ( '5240103', 1, 'Mantenimiento Oficina', '52401', 1, 3, 5 ),
 ( '5240104', 1, 'Mantenimiento de Mobiliario y Equipos', '52401', 1, 3, 5 ),
 ( '52402', 1, 'Oficinas Regionales', '524', 0, 3, 4 ),
 ( '5240201', 1, 'Servicios (electricidad, agua, seguridad)', '52402', 1, 3, 5 ),
 ( '5240202', 1, 'Comunicaciones', '52402', 1, 3, 5 ),
 ( '5240203', 1, 'Mantenimiento Oficina', '52402', 1, 3, 5 );
INSERT INTO `tbl_cuenta` ( ID, CATALOGO, NOMBRE, PADRE, DETALLE, GRUPO, NIVEL ) VALUES
 ( '5240204', 1, 'Mantenimiento de Mobiliario y Equipos', '52402', 1, 3, 5 ),
 ( '5240205', 1, 'Alquiler de Oficinas', '52402', 1, 3, 5 ),
 ( '52403', 1, 'Gastos de Vehículos', '524', 0, 3, 4 ),
 ( '5240301', 1, 'Combustible y Mantenimiento', '52403', 1, 3, 5 ),
 ( '5240302', 1, 'Seguros de Vehículos', '52403', 1, 3, 5 ),
 ( '5240303', 1, 'Alquiler de Vehículos', '52403', 1, 3, 5 ),
 ( '5240304', 1, 'Depreciación de Vehículos', '52403', 1, 3, 5 ),
 ( '525', 1, 'Visibilización', '52', 0, 3, 3 ),
 ( '52501', 1, 'Programas Radiales', '525', 1, 3, 4 ),
 ( '52502', 1, 'Anuncios', '525', 1, 3, 4 ),
 ( '52503', 1, 'Publicaciones', '525', 1, 3, 4 ),
 ( '52504', 1, 'Rotulos', '525', 1, 3, 4 ),
 ( '52505', 1, 'Mantas', '525', 1, 3, 4 ),
 ( '52506', 1, 'Playeras', '525', 1, 3, 4 ),
 ( '52507', 1, 'Vallas', '525', 1, 3, 4 ),
 ( '52508', 1, 'Murales', '525', 1, 3, 4 ),
 ( '52509', 1, 'Documentales', '525', 1, 3, 4 ),
 ( '526', 1, 'Gastos Indirectos', '52', 0, 3, 3 ),
 ( '52601', 1, 'Administración de Proyecto', '526', 1, 3, 4 ),
 ( '527', 1, 'Gastos Financieros', '52', 0, 3, 3 ),
 ( '52701', 1, 'Gastos Bancarios', '527', 1, 3, 4 ),
 ( '53', 1, 'EGRESOS TIERRA Y DESARROLLO RURAL', '5', 0, 3, 2 ),
 ( '531', 1, 'Personal', '53', 0, 3, 3 ),
 ( '53101', 1, 'Sueldos y Salarios', '531', 0, 3, 4 ),
 ( '5310101', 1, 'Sueldos ordinarios', '53101', 0, 3, 5 ),
 ( '531010101', 1, 'Personal de Proyecto', '5310101', 1, 3, 6 ),
 ( '531010102', 1, 'Personal Administrativo', '5310101', 1, 3, 6 ),
 ( '531010103', 1, 'Dirección Ejecutiva', '5310101', 1, 3, 6 ),
 ( '5310102', 1, 'Bonificaciones', '53101', 0, 3, 5 ),
 ( '531010201', 1, 'Personal de Proyectos', '5310102', 1, 3, 6 ),
 ( '531010202', 1, 'Personal Administrativo', '5310102', 1, 3, 6 ),
 ( '531010203', 1, 'Dirección Ejecutiva', '5310102', 1, 3, 6 ),
 ( '5310103', 1, 'Prestaciones Laborales', '53101', 0, 3, 5 ),
 ( '531010301', 1, 'Personal de Proyectos', '5310103', 1, 3, 6 ),
 ( '531010302', 1, 'Personal Administrativo', '5310103', 1, 3, 6 ),
 ( '531010303', 1, 'Dirección Ejecutiva', '5310103', 1, 3, 6 ),
 ( '5310104', 1, 'Seguro Médico', '53101', 1, 3, 5 ),
 ( '5310105', 1, 'Cuota Patronal IGSS', '53101', 0, 3, 5 ),
 ( '531010501', 1, 'Personal de Proyecto', '5310105', 1, 3, 6 ),
 ( '531010502', 1, 'Personal Administrativo', '5310105', 1, 3, 6 ),
 ( '531010503', 1, 'Dirección Ejecutiva', '5310105', 1, 3, 6 ),
 ( '53102', 1, 'Honorarios', '531', 0, 3, 4 ),
 ( '5310201', 1, 'Personal x Servicios', '53102', 1, 3, 5 ),
 ( '5310202', 1, 'Consultorias', '53102', 1, 3, 5 ),
 ( '5310203', 1, 'Diágnosticos', '53102', 1, 3, 5 ),
 ( '5310204', 1, 'Diseños', '53102', 1, 3, 5 ),
 ( '5310205', 1, 'Asesorias', '53102', 1, 3, 5 ),
 ( '532', 1, 'Equipo Materiales y Suministros', '53', 0, 3, 3 ),
 ( '53201', 1, 'Equipo', '532', 0, 3, 4 ),
 ( '5320101', 1, 'Alquiler de Equipos', '53201', 1, 3, 5 ),
 ( '5320102', 1, 'Equipos para Actividades Productivas', '53201', 1, 3, 5 ),
 ( '5320103', 1, 'Equipos para Actividades de Gestión de Riesgo', '53201', 1, 3, 5 ),
 ( '5320104', 1, 'Equipo de Computo', '53201', 1, 3, 5 ),
 ( '5320105', 1, 'Mobiliario y Equipo', '53201', 1, 3, 5 ),
 ( '5320106', 1, 'Vehículos', '53201', 1, 3, 5 ),
 ( '5320107', 1, 'Planta Eléctrica', '53201', 1, 3, 5 ),
 ( '5320108', 1, 'Equipo de Comunicación', '53201', 1, 3, 5 ),
 ( '53202', 1, 'Materiales', '532', 0, 3, 4 ),
 ( '5320201', 1, 'Material para Capacitación', '53202', 1, 3, 5 ),
 ( '5320202', 1, 'Reproducción de Material', '53202', 1, 3, 5 ),
 ( '5320203', 1, 'Fotocopias', '53202', 1, 3, 5 ),
 ( '5320204', 1, 'Papelería  y Utiles', '53202', 1, 3, 5 ),
 ( '5320205', 1, 'Materiales para Alfabetización', '53202', 1, 3, 5 ),
 ( '5320206', 1, 'Construcciones', '53202', 1, 3, 5 ),
 ( '5320207', 1, 'Insumos para Actividades Productivas', '53202', 1, 3, 5 ),
 ( '5320208', 1, 'Insumos para Actividades de Gestión de Riesgo', '53202', 1, 3, 5 ),
 ( '5320209', 1, 'Insumos por Emergencia Desastres Naturales', '53202', 1, 3, 5 ),
 ( '5320210', 1, 'Suministros de Computación', '53202', 1, 3, 5 ),
 ( '5320211', 1, 'Vehículos', '53202', 1, 3, 5 ),
 ( '533', 1, 'Viajes, Estancias y Dietas', '53', 0, 3, 3 ),
 ( '53301', 1, 'Viáticos Personal de Proyectos', '533', 0, 3, 4 ),
 ( '5330101', 1, 'Director TDR', '53301', 1, 3, 5 ),
 ( '5330102', 1, 'Coordinadores', '53301', 1, 3, 5 ),
 ( '5330103', 1, 'Técnicos', '53301', 1, 3, 5 ),
 ( '5330104', 1, 'Promotores', '53301', 1, 3, 5 ),
 ( '5330105', 1, 'Logístas', '53301', 1, 3, 5 ),
 ( '5330106', 1, 'Facilitadores', '53301', 1, 3, 5 ),
 ( '5330107', 1, 'Personal Administrativo', '53301', 1, 3, 5 ),
 ( '53302', 1, 'Viáticos  Participantes en Actividades', '533', 0, 3, 4 ),
 ( '5330201', 1, 'Procesos Jurídicos Tierra', '53302', 1, 3, 5 ),
 ( '5330202', 1, 'Talleres de Capacitación Gestión de Riesgo', '53302', 1, 3, 5 ),
 ( '5330203', 1, 'Reuniones', '53302', 1, 3, 5 ),
 ( '5330204', 1, 'Asambleas Comunitarias', '53302', 1, 3, 5 ),
 ( '5330205', 1, 'Evaluaciones', '53302', 1, 3, 5 ),
 ( '5330206', 1, 'Acompañamiento de Familias', '53302', 1, 3, 5 ),
 ( '5330207', 1, 'Defensa de los Recursos Naturales', '533', 1, 3, 4 ),
 ( '534', 1, 'Funcionamiento', '53', 0, 3, 3 ),
 ( '53401', 1, 'Oficina Central', '534', 0, 3, 4 ),
 ( '5340101', 1, 'Servicios (electricidad, agua, seguridad)', '53401', 1, 3, 5 ),
 ( '5340102', 1, 'Comunicaciones', '53401', 1, 3, 5 ),
 ( '5340103', 1, 'Mantenimiento Oficina', '53401', 1, 3, 5 ),
 ( '5340104', 1, 'Mantenimiento de Mobiliario y Equipos', '53401', 1, 3, 5 ),
 ( '5340105', 1, 'Alquileres', '534', 1, 3, 4 ),
 ( '53402', 1, 'Oficinas Regionales', '534', 0, 3, 4 ),
 ( '5340201', 1, 'Servicios (electricidad, agua, seguridad)', '53402', 1, 3, 5 ),
 ( '5340202', 1, 'Comunicaciones', '53402', 1, 3, 5 ),
 ( '5340203', 1, 'Mantenimiento Oficina', '53402', 1, 3, 5 ),
 ( '5340204', 1, 'Mantenimiento de Mobiliario y Equipos', '53402', 1, 3, 5 ),
 ( '5340205', 1, 'Alquiler de Oficinas', '53402', 1, 3, 5 ),
 ( '5340206', 1, 'Alquiler Bodegas', '53402', 1, 3, 5 );
INSERT INTO `tbl_cuenta` ( ID, CATALOGO, NOMBRE, PADRE, DETALLE, GRUPO, NIVEL ) VALUES
 ( '53403', 1, 'Gastos de Vehículos', '534', 0, 3, 4 ),
 ( '5340301', 1, 'Combustible y Mantenimiento', '53403', 1, 3, 5 ),
 ( '5340302', 1, 'Seguros de Vehículos', '53403', 1, 3, 5 ),
 ( '5340303', 1, 'Alquiler de Vehículos', '53403', 1, 3, 5 ),
 ( '5340304', 1, 'Depreciación de Vehículos', '53403', 1, 3, 5 ),
 ( '535', 1, 'Visibilización', '53', 0, 3, 3 ),
 ( '53501', 1, 'Programas Radiales', '535', 1, 3, 4 ),
 ( '53502', 1, 'Anuncios', '535', 1, 3, 4 ),
 ( '53503', 1, 'Publicaciones', '535', 1, 3, 4 ),
 ( '53504', 1, 'Rotulos', '535', 1, 3, 4 ),
 ( '53505', 1, 'Mantas', '535', 1, 3, 4 ),
 ( '53506', 1, 'Playeras', '535', 1, 3, 4 ),
 ( '53507', 1, 'Vallas', '535', 1, 3, 4 ),
 ( '53508', 1, 'Murales', '535', 1, 3, 4 ),
 ( '536', 1, 'Gastos Indirectos', '53', 0, 3, 3 ),
 ( '53601', 1, 'Administración de Proyecto', '536', 1, 3, 4 ),
 ( '537', 1, 'Gastos Financieros', '53', 0, 3, 3 ),
 ( '53701', 1, 'Gastos Bancarios', '537', 1, 3, 4 ),
 ( '54', 1, 'EGRESOS HABITAT COMUNITARIO', '5', 0, 3, 2 ),
 ( '541', 1, 'Personal', '54', 0, 3, 3 ),
 ( '54101', 1, 'Sueldos y Salarios', '541', 0, 3, 4 ),
 ( '5410101', 1, 'Sueldos ordinarios', '54101', 0, 3, 5 ),
 ( '541010101', 1, 'Personal de Proyecto', '5410101', 1, 3, 6 ),
 ( '541010102', 1, 'Personal Administrativo', '5410101', 1, 3, 6 ),
 ( '541010103', 1, 'Dirección Ejecutiva', '5410101', 1, 3, 6 ),
 ( '541010104', 1, 'Personal de Obra', '5410101', 1, 3, 6 ),
 ( '5410102', 1, 'Bonificaciones', '54101', 0, 3, 5 ),
 ( '541010201', 1, 'Personal de Proyectos', '5410102', 1, 3, 6 ),
 ( '541010202', 1, 'Personal Administrativo', '5410102', 1, 3, 6 ),
 ( '541010203', 1, 'Direción Ejecutiva', '5410102', 1, 3, 6 ),
 ( '5410103', 1, 'Prestaciones Laborales', '54101', 0, 3, 5 ),
 ( '541010301', 1, 'Personal de Proyectos', '5410103', 1, 3, 6 ),
 ( '541010302', 1, 'Personal Administrativo', '5410103', 1, 3, 6 ),
 ( '541010303', 1, 'Dirección Ejecutiva', '5410103', 1, 3, 6 ),
 ( '5410104', 1, 'Seguro Médico', '54101', 1, 3, 5 ),
 ( '5410105', 1, 'Cuota Patronal IGSS', '54101', 0, 3, 5 ),
 ( '541010501', 1, 'Personal de Proyectos', '5410105', 1, 3, 6 ),
 ( '541010502', 1, 'Pesonal Administrativo', '5410105', 1, 3, 6 ),
 ( '541010503', 1, 'Dirección Ejecutiva', '5410105', 1, 3, 6 ),
 ( '54102', 1, 'Honorarios', '541', 0, 3, 4 ),
 ( '5410201', 1, 'Personal x Servicios', '54102', 1, 3, 5 ),
 ( '5410202', 1, 'Consultorias', '54102', 1, 3, 5 ),
 ( '5410203', 1, 'Diágnosticos', '54102', 1, 3, 5 ),
 ( '5410204', 1, 'Diseños', '54102', 1, 3, 5 ),
 ( '5410205', 1, 'Asesorias', '54102', 1, 3, 5 ),
 ( '5410206', 1, 'Facilitadores', '54102', 1, 3, 5 ),
 ( '542', 1, 'Equipo Materiales y Suministros', '54', 0, 3, 3 ),
 ( '54201', 1, 'Equipo', '542', 0, 3, 4 ),
 ( '5420101', 1, 'Alquiler de Equipos', '54201', 1, 3, 5 ),
 ( '5420102', 1, 'Equipos para Actividades Productivas', '54201', 1, 3, 5 ),
 ( '5420103', 1, 'Equipos de construcción', '54201', 1, 3, 5 ),
 ( '5420104', 1, 'Equipo de Computo', '54201', 1, 3, 5 ),
 ( '5420105', 1, 'Mobiliario y Equipo', '54201', 1, 3, 5 ),
 ( '5420106', 1, 'Vehículos', '54201', 1, 3, 5 ),
 ( '5420107', 1, 'Equipo de Comunicación', '54201', 1, 3, 5 ),
 ( '5420108', 1, 'Planta Eléctrica', '54201', 1, 3, 5 ),
 ( '54202', 1, 'Materiales', '542', 0, 3, 4 ),
 ( '5420201', 1, 'Material para Capacitación', '54202', 1, 3, 5 ),
 ( '5420202', 1, 'Reproducción de Material', '54202', 1, 3, 5 ),
 ( '5420203', 1, 'Fotocopias', '54202', 1, 3, 5 ),
 ( '5420204', 1, 'Papelería  y Utiles', '54202', 1, 3, 5 ),
 ( '5420205', 1, 'Suministros de computación', '54202', 1, 3, 5 ),
 ( '5420206', 1, 'Construcción de viviendas', '54202', 1, 3, 5 ),
 ( '5420207', 1, 'Insumos para Actividades Productivas', '54202', 1, 3, 5 ),
 ( '5420208', 1, 'Insumos para Actividades de Saneamiento Básico Viviendas', '54202', 1, 3, 5 ),
 ( '5420209', 1, 'Insumos por Emergencias Desastres Naturales', '54202', 1, 3, 5 ),
 ( '543', 1, 'Construcción de Viviendas', '54', 0, 3, 3 ),
 ( '54301', 1, 'Materiales de Construcción', '543', 1, 3, 4 ),
 ( '54302', 1, 'Mano de Obra', '543', 1, 3, 4 ),
 ( '544', 1, 'Viajes, Estancias y Dietas', '54', 0, 3, 3 ),
 ( '54401', 1, 'Viáticos Personal de Proyecto', '544', 0, 3, 4 ),
 ( '5440101', 1, 'Director Programa Habitat', '54401', 1, 3, 5 ),
 ( '5440102', 1, 'Coordinadores', '54401', 1, 3, 5 ),
 ( '5440103', 1, 'Supervisores', '54401', 1, 3, 5 ),
 ( '5440104', 1, 'Técnicos', '54401', 1, 3, 5 ),
 ( '5440105', 1, 'Promotores', '54401', 1, 3, 5 ),
 ( '5440106', 1, 'Logistas', '54401', 1, 3, 5 ),
 ( '5440107', 1, 'Personal Administrativo', '54401', 1, 3, 5 ),
 ( '54402', 1, 'Viáticos Participantes Actividades', '544', 0, 3, 4 ),
 ( '5440201', 1, 'Talleres de Capacitación', '54402', 1, 3, 5 ),
 ( '5440202', 1, 'Formación a Participantes', '54402', 1, 3, 5 ),
 ( '545', 1, 'Funcionamiento', '54', 0, 3, 3 ),
 ( '54501', 1, 'Oficina Central', '545', 0, 3, 4 ),
 ( '5450101', 1, 'Servicios (electricidad,agua, seguridad)', '54501', 1, 3, 5 ),
 ( '5450102', 1, 'Comunicaciones', '54501', 1, 3, 5 ),
 ( '5450103', 1, 'Mantenimiento de Oficina', '54501', 1, 3, 5 ),
 ( '5450104', 1, 'Mantenimiento de Mobiliario y Equipos', '54501', 1, 3, 5 ),
 ( '54502', 1, 'Oficinas Regionales', '545', 0, 3, 4 ),
 ( '5450201', 1, 'Servicios (electricidad,agua, seguridad)', '54502', 1, 3, 5 ),
 ( '5450202', 1, 'Comunicaciones', '54502', 1, 3, 5 ),
 ( '5450203', 1, 'Mantenimiento Oficina', '54502', 1, 3, 5 ),
 ( '5450204', 1, 'Mantenimiento de Mobiliario y Equipos', '54502', 1, 3, 5 ),
 ( '5450205', 1, 'Alquiler de Oficinas', '54502', 1, 3, 5 ),
 ( '54503', 1, 'Gastos de Vehículos', '545', 0, 3, 4 ),
 ( '5450301', 1, 'Combustible y Mantenimiento', '54503', 1, 3, 5 ),
 ( '5450302', 1, 'Seguros de Vehículos', '54503', 1, 3, 5 ),
 ( '5450303', 1, 'Alquiler de Vehículos', '54503', 1, 3, 5 ),
 ( '5450304', 1, 'Depreciación de Vehículos', '54503', 1, 3, 5 ),
 ( '546', 1, 'Visibilización', '54', 0, 3, 3 ),
 ( '54601', 1, 'Programas Radiales', '546', 1, 3, 4 );
INSERT INTO `tbl_cuenta` ( ID, CATALOGO, NOMBRE, PADRE, DETALLE, GRUPO, NIVEL ) VALUES
 ( '54602', 1, 'Anuncios', '546', 1, 3, 4 ),
 ( '54603', 1, 'Publicaciones', '546', 1, 3, 4 ),
 ( '54604', 1, 'Rotulos', '546', 1, 3, 4 ),
 ( '54605', 1, 'Mantas', '546', 1, 3, 4 ),
 ( '54606', 1, 'Playeras', '546', 1, 3, 4 ),
 ( '54607', 1, 'Vallas', '546', 1, 3, 4 ),
 ( '54608', 1, 'Murales', '546', 1, 3, 4 ),
 ( '547', 1, 'Gastos Financieros', '54', 0, 3, 3 ),
 ( '54701', 1, 'Fianzas', '547', 1, 3, 4 ),
 ( '54702', 1, 'Renovación de Fianzas', '547', 1, 3, 4 ),
 ( '54703', 1, 'Costo préstamos bancarios', '547', 1, 3, 4 ),
 ( '54704', 1, 'Timbres, gastos legales de cobro', '547', 1, 3, 4 ),
 ( '54705', 1, 'Gestión de Fianzas y Cobros', '547', 1, 3, 4 ),
 ( '54706', 1, 'Gastos Bancarios', '547', 1, 3, 4 ),
 ( '548', 1, 'Gastos Indirectos', '54', 0, 3, 3 ),
 ( '54801', 1, 'Administración del Proyecto', '548', 1, 3, 4 ),
 ( '55', 1, 'EGRESOS OTROS PROYECTOS', '5', 0, 3, 2 ),
 ( '551', 1, 'Personal', '55', 0, 3, 3 ),
 ( '55101', 1, 'Sueldos y Salarios', '551', 0, 3, 4 ),
 ( '5510101', 1, 'Sueldos ordinarios', '55101', 0, 3, 5 ),
 ( '551010101', 1, 'Personal de Proyecto', '5510101', 1, 3, 6 ),
 ( '551010102', 1, 'Personal Administrativo', '5510101', 1, 3, 6 ),
 ( '5510102', 1, 'Bonificaciones', '55101', 0, 3, 5 ),
 ( '551010201', 1, 'Personal de Proyectos', '5510102', 1, 3, 6 ),
 ( '551010202', 1, 'Personal Administrativo', '5510102', 1, 3, 6 ),
 ( '5510103', 1, 'Prestaciones Laborales', '55101', 0, 3, 5 ),
 ( '551010301', 1, 'Personal de Proyectos', '5510103', 1, 3, 6 ),
 ( '551010302', 1, 'Personal Administrativo', '5510103', 1, 3, 6 ),
 ( '5510104', 1, 'Seguro Médico', '55101', 1, 3, 5 ),
 ( '5510105', 1, 'Cuota Patronal IGSS', '55101', 0, 3, 5 ),
 ( '551010501', 1, 'Personal de Proyectos', '5510105', 1, 3, 6 ),
 ( '551010502', 1, 'Personal Administrativo', '5510105', 1, 3, 6 ),
 ( '551010503', 1, 'Dirección Ejecutiva', '5510105', 1, 3, 6 ),
 ( '55102', 1, 'Honorarios', '551', 0, 3, 4 ),
 ( '5510201', 1, 'Personal x Servicios', '55102', 1, 3, 5 ),
 ( '5510202', 1, 'Consultorias', '55102', 1, 3, 5 ),
 ( '5510203', 1, 'Diágnosticos', '55102', 1, 3, 5 ),
 ( '5510204', 1, 'Diseños', '55102', 1, 3, 5 ),
 ( '5510205', 1, 'Asesorias', '55102', 1, 3, 5 ),
 ( '55103', 1, 'Gastos de Personal', '551', 0, 3, 4 ),
 ( '5510301', 1, 'Apoyo a Personal', '55103', 1, 3, 5 ),
 ( '552', 1, 'Equipo Materiales y Suministros', '55', 0, 3, 3 ),
 ( '55201', 1, 'Equipo', '552', 0, 3, 4 ),
 ( '5520101', 1, 'Alquiler de Equipos', '55201', 1, 3, 5 ),
 ( '5520102', 1, 'Equipos para Actividades Productivas', '55201', 1, 3, 5 ),
 ( '5520103', 1, 'Equipos para Actividades Ambientales', '55201', 1, 3, 5 ),
 ( '5520104', 1, 'Equipo de Computo', '55201', 1, 3, 5 ),
 ( '5520105', 1, 'Mobiliario y Equipo', '55201', 1, 3, 5 ),
 ( '5520106', 1, 'Vehículos', '55201', 1, 3, 5 ),
 ( '55202', 1, 'Materiales', '552', 0, 3, 4 ),
 ( '5520201', 1, 'Material para Capacitación', '55202', 1, 3, 5 ),
 ( '5520202', 1, 'Reproducción de Material', '55202', 1, 3, 5 ),
 ( '5520203', 1, 'Fotocopias', '55202', 1, 3, 5 ),
 ( '5520204', 1, 'Papelería  y Utiles', '55202', 1, 3, 5 ),
 ( '5520205', 1, 'Suministros de computación', '55202', 1, 3, 5 ),
 ( '553', 1, 'Viajes, Estancias y Dietas', '55', 0, 3, 3 ),
 ( '55301', 1, 'Viáticos Personal de Proyectos', '553', 0, 3, 4 ),
 ( '5530101', 1, 'Directores', '55301', 1, 3, 5 ),
 ( '5530102', 1, 'Coordinadores', '55301', 1, 3, 5 ),
 ( '5530103', 1, 'Técnicos', '55301', 1, 3, 5 ),
 ( '5530104', 1, 'Promotores', '55301', 1, 3, 5 ),
 ( '5530105', 1, 'Admon y Finanzas', '55301', 1, 3, 5 ),
 ( '55302', 1, 'Viáticos  Participantes en Actividades', '553', 0, 3, 4 ),
 ( '5530201', 1, 'Actividades a incorporados', '55302', 1, 3, 5 ),
 ( '5530202', 1, 'Exhumaciones', '55302', 1, 3, 5 ),
 ( '5530203', 1, 'Inhumaciones', '55302', 1, 3, 5 ),
 ( '5530204', 1, 'Catedráticos', '55302', 1, 3, 5 ),
 ( '5530205', 1, 'Defensa de los recursos naturales', '55302', 1, 3, 5 ),
 ( '5530206', 1, 'Formaciones', '55302', 1, 3, 5 ),
 ( '5530207', 1, 'Talleres de Capacitación', '55302', 1, 3, 5 ),
 ( '5530208', 1, 'Reuniones', '55302', 1, 3, 5 ),
 ( '5530209', 1, 'Encuentros', '55302', 1, 3, 5 ),
 ( '554', 1, 'Funcionamiento', '55', 0, 3, 3 ),
 ( '55401', 1, 'Oficina Central', '554', 0, 3, 4 ),
 ( '5540101', 1, 'Servicios (electricidad, agua, seguridad)', '55401', 1, 3, 5 ),
 ( '5540102', 1, 'Comunicaciones', '55401', 1, 3, 5 ),
 ( '5540103', 1, 'Mantenimiento Oficina', '55401', 1, 3, 5 ),
 ( '5540104', 1, 'Mantenimiento de Mobiliario y Equipos', '55401', 1, 3, 5 ),
 ( '55402', 1, 'Oficinas Regionales', '554', 0, 3, 4 ),
 ( '5540201', 1, 'Servicios (electricidad, agua, seguridad)', '55402', 1, 3, 5 ),
 ( '5540202', 1, 'Comunicaciones', '55402', 1, 3, 5 ),
 ( '5540203', 1, 'Mantenimiento Oficina', '55402', 1, 3, 5 ),
 ( '5540204', 1, 'Mantenimiento de Mobiliario y Equipos', '55402', 1, 3, 5 ),
 ( '5540205', 1, 'Alquiler de Oficinas', '55402', 1, 3, 5 ),
 ( '55403', 1, 'Gastos de Vehículos', '554', 0, 3, 4 ),
 ( '5540301', 1, 'Combustible y Mantenimiento', '55403', 1, 3, 5 ),
 ( '5540302', 1, 'Seguros de Vehículos', '55403', 1, 3, 5 ),
 ( '5540303', 1, 'Alquiler de Vehículos', '55403', 1, 3, 5 ),
 ( '5540304', 1, 'Depreciación de Vehículos', '55403', 1, 3, 5 ),
 ( '555', 1, 'Visibilización', '55', 0, 3, 3 ),
 ( '55501', 1, 'Programas Radiales', '555', 1, 3, 4 ),
 ( '55502', 1, 'Anuncios', '555', 1, 3, 4 ),
 ( '55503', 1, 'Publicaciones', '555', 1, 3, 4 ),
 ( '55504', 1, 'Rotulos', '555', 1, 3, 4 ),
 ( '55505', 1, 'Mantas', '555', 1, 3, 4 ),
 ( '55506', 1, 'Playeras', '555', 1, 3, 4 ),
 ( '55507', 1, 'Vallas', '555', 1, 3, 4 ),
 ( '55508', 1, 'Murales', '555', 1, 3, 4 ),
 ( '55509', 1, 'Videos-Audiovisuales', '555', 1, 3, 4 ),
 ( '55510', 1, 'Exposiciones Fotográficas', '555', 1, 3, 4 );
INSERT INTO `tbl_cuenta` ( ID, CATALOGO, NOMBRE, PADRE, DETALLE, GRUPO, NIVEL ) VALUES
 ( '556', 1, 'Gastos Indirectos', '55', 0, 3, 3 ),
 ( '55601', 1, 'Administración de Proyecto', '556', 1, 3, 4 ),
 ( '557', 1, 'Otros Gastos', '55', 0, 3, 3 ),
 ( '55701', 1, 'Aporte a Proyectos', '557', 1, 3, 4 ),
 ( '55702', 1, 'Gastos Legales', '557', 1, 3, 4 ),
 ( '55703', 1, 'Aporte a Fondo Propios', '557', 1, 3, 4 );

DROP TABLE IF EXISTS `tbl_grupo` CASCADE;

CREATE TABLE `tbl_grupo` (
  `id` int(11) NOT NULL AUTO_INCREMENT,
  `nombre` varchar(45) NOT NULL,
  `debe` tinyint(1) DEFAULT NULL COMMENT 'comportamiento de la cuenta:\ndebe = 1, haber = 0',
  `editable` tinyint(1) DEFAULT NULL,
  PRIMARY KEY (`id`)
) ENGINE=InnoDB AUTO_INCREMENT=8 DEFAULT CHARSET=utf8;

INSERT INTO `tbl_grupo` ( ID, NOMBRE, DEBE, EDITABLE ) VALUES
 ( 1, 'Activos', 1, 0 ),
 ( 2, 'Capital', 0, 0 ),
 ( 3, 'Gastos', 1, 0 ),
 ( 4, 'Ingresos', 0, 0 ),
 ( 5, 'Otros CR', 1, 0 ),
 ( 6, 'Otros DB', 0, 0 ),
 ( 7, 'Pasivos', 0, 0 );

DROP TABLE IF EXISTS `tbl_libro` CASCADE;

CREATE TABLE `tbl_libro` (
  `id` int(11) NOT NULL AUTO_INCREMENT,
  `contabilidad` int(11) NOT NULL,
  `nombre` varchar(45) DEFAULT NULL,
  `tipo` varchar(8) DEFAULT NULL,
  `editable` tinyint(1) DEFAULT '1',
  `prefijo_partida` varchar(10) DEFAULT NULL,
  `numero_partida` int(11) DEFAULT NULL,
  `lugares_partida` int(11) DEFAULT NULL,
  PRIMARY KEY (`id`,`contabilidad`),
  KEY `fk_tbl_libro_tbl_contabilidad1_idx` (`contabilidad`),
  CONSTRAINT `fk_tbl_libro_tbl_contabilidad1` FOREIGN KEY (`contabilidad`) REFERENCES `tbl_contabilidad` (`id`) ON DELETE CASCADE ON UPDATE CASCADE
) ENGINE=InnoDB AUTO_INCREMENT=3 DEFAULT CHARSET=utf8;

INSERT INTO `tbl_libro` ( ID, CONTABILIDAD, NOMBRE, TIPO, EDITABLE, PREFIJO_PARTIDA, NUMERO_PARTIDA, LUGARES_PARTIDA ) VALUES
 ( 1, 1, 'Bancos', 'auxiliar', 0, 'P', 1, 4 ),
 ( 2, 1, 'Diario general', 'diario', 0, 'P', 1, 4 );

DROP TABLE IF EXISTS `tbl_marcador` CASCADE;

CREATE TABLE `tbl_marcador` (
  `id` int(11) NOT NULL AUTO_INCREMENT,
  `contabilidad` int(11) NOT NULL,
  `nombre` varchar(12) NOT NULL,
  `descrip` tinytext,
  PRIMARY KEY (`id`,`contabilidad`),
  KEY `fk_tbl_marcador_tbl_contabilidad1_idx` (`contabilidad`),
  CONSTRAINT `fk_tbl_marcador_tbl_contabilidad1` FOREIGN KEY (`contabilidad`) REFERENCES `tbl_contabilidad` (`id`) ON UPDATE CASCADE
) ENGINE=InnoDB AUTO_INCREMENT=82 DEFAULT CHARSET=utf8;

INSERT INTO `tbl_marcador` ( ID, CONTABILIDAD, NOMBRE, DESCRIP ) VALUES
 ( 1, 1, '2071001', '1.1.1.1 Director de Programa (1/4)\r\n2071002\"' ),
 ( 2, 1, '2071003', '1.1.1.3 Tecnicos/as de campo (3)' ),
 ( 3, 1, '2071004', '1.1.1.4 Tecnica en genero y multiculturalidad' ),
 ( 4, 1, '2071005', '1.1.1.5 Tecnico municipal' ),
 ( 5, 1, '2071006', '1.1.1.6 Promotores comunitarios' ),
 ( 6, 1, '2071007', '1.1.1.7 Alfabetizadores' ),
 ( 7, 1, '2071008', '1.1.1.8 Tecnico forestal' ),
 ( 8, 1, '2071009', '1.1.2.1 Administrador' ),
 ( 9, 1, '2071010', '1.1.2.3 Asistente adminsitrativo y secretarial' ),
 ( 10, 1, '2071011', '1.1.2.4 Logista' ),
 ( 11, 1, '2071067', '5.2.3 Asesoría metodologica para lar ealización de modelos de desarrollo' ),
 ( 12, 1, '2071072', '5.2.8 Asesorias tecnicas externas' ),
 ( 13, 1, '2071073', '5.5.1 SErvicios de traducción' ),
 ( 14, 1, '2071074', '5.7.1 Diplomados para guardinaas de agua y guardas forestales' ),
 ( 15, 1, '2072035', '3.1.1 Vehiculo 4x4' ),
 ( 16, 1, '2072036', '3.1.2 Motocicletas' ),
 ( 17, 1, '2072037', '3.2.1.1 Equipo de computo' ),
 ( 18, 1, '2072038', '3.2.1.2 Mobiliario de oficina' ),
 ( 19, 1, '2072039', '3.3.1 Dotaciones de herramientas y equipos basicos para manejo forestal' ),
 ( 20, 1, '2072040', '3.3.3 Equipamiento de guardas forestales' ),
 ( 21, 1, '2072041', '3.5.1 Material bibliografico y cartografico para las OFM' ),
 ( 22, 1, '2072042', '3.5.2 Equipamiento para experiencias piloto comunitarios' ),
 ( 23, 1, '2072043', '3.5.4 Documento de identificación personal de mujeres' ),
 ( 24, 1, '2072044', '3.5.5 Establecimiento de planes pilotos de reforestación en 3 areas' ),
 ( 25, 1, '2072048', '3.5.8 Material didáctico y bibliográfico para diplomados de formación' ),
 ( 26, 1, '2072049', '3.5.9 Equipamiento de guardianas del agua' ),
 ( 27, 1, '2072050', '3.5.10 Materiales de campañas de sensibilización y formación' ),
 ( 28, 1, '2072051', '3.5.11 Materiales para recuperación de areas de ocio y recreación' ),
 ( 29, 1, '2072052', '3.5.12 Materiales para construcción de estufas mejoradas' ),
 ( 30, 1, '2072053', '3.5.13 Materiales para construcción de sistemas de tratamiento' ),
 ( 31, 1, '2072055', '4.1.1 Mantenimiento de vehiculo' ),
 ( 32, 1, '2072056', '4.1.2 Mantenimiento motocicletas' ),
 ( 33, 1, '2072057', '4.1.3 Seguro de vehiculos' ),
 ( 34, 1, '2072058', '4.1.4 Seguros motocicletas' ),
 ( 35, 1, '2072061', '4.3.1 Material oficina (papelería, tintas, toner)' ),
 ( 36, 1, '2072062', '4.4.1 Servicios oficina (tel, fax, electr, manteni)' ),
 ( 37, 1, '2072069', '5.2.5 Diseño de estufas mejoradas, pertinentel cultural' ),
 ( 38, 1, '2072070', '5.2.6 Estudios técnicos para construcción de sistema de tratamiento' ),
 ( 39, 1, '2072076', '5.8 Materiales de campañas de sensibilización y formación en conservación' ),
 ( 40, 1, '2072077', '5.8 Materiales de campañas de sensibilización y formación en conservación' ),
 ( 41, 1, '2072082', '3.2.2 Equipamiento para la oficina de la acción' ),
 ( 42, 1, '2072083', '3.5.3 Material didáctico para talleres' ),
 ( 43, 1, '2072084', 'MANEJO DE CUENTAS' ),
 ( 44, 1, '2074012', '1.3.1.1 Giras y/o visitas de intercambio El Salvadorl de OFM, OMP' ),
 ( 45, 1, '2074013', '1.3.1.2 Giras y/o visitas de intercambio Nicaragua de OFM, OMP' ),
 ( 46, 1, '2074014', '1.3.2.1 Reuniones y visitas para la presentación, cabildeo y  negociación' ),
 ( 47, 1, '2074015', '1.3.2.2 Giras y/o visitas de intercambio de comunitarios/as a areas forestales' ),
 ( 48, 1, '2074016', '1.3.2.3 Reuniones de coordinación de actores locales claves' ),
 ( 49, 1, '2074017', '1.3.2.4 Reuniones de la mesa de diálogo, negociación y seguimiento' ),
 ( 50, 1, '2074018', '1.3.2.5 Pasantías de estudiantes (Mínimo 4 estudiantes)' ),
 ( 51, 1, '2074019', '1.3.3.1 Talleres de formación y sensibilización a integrantes de Comisiones' ),
 ( 52, 1, '2074020', '1.3.3.2 Capacitación de organizaciones comunitarias, COCODE, COMUDE' ),
 ( 53, 1, '2074021', '1.3.3.3 Talleres de construcción de planes comunitarios' ),
 ( 54, 1, '2074022', '1.3.3.4 Encuentros regionales de comunidades forestales' ),
 ( 55, 1, '2074023', '1.3.3.5 Talleres de sensibilización en género a autoridades comunitarias' ),
 ( 56, 1, '2074024', '1.3.3.6 Talleres de fortalecimiento de agrupaciones de mujeres comunitarias' ),
 ( 57, 1, '2074025', '1.3.3.7 Talleres de formación y sensibilización a integrantes de Comisiones' ),
 ( 58, 1, '2074026', '1.3.3.8 Curso de formación de viveristas' ),
 ( 59, 1, '2074027', '1.3.3.9 Diplomado de formación para guardas forestales y guardianas' ),
 ( 60, 1, '2074028', '2.1.1 Giras y/o visitas de intercambio del personal de OFM, OMP, C.A.' ),
 ( 61, 1, '2074029', '2.1.3.1 Boletos de avión Europa - Guatemala' ),
 ( 62, 1, '2074030', '2.1.3.2 Traslado de Centroameríca a Guatemala' ),
 ( 63, 1, '2074031', '2.2.1 Movilización y giras de intercambio de comunitarios/as' ),
 ( 64, 1, '2074032', '2.2.2 Campaña de documentación e identificación personal' ),
 ( 65, 1, '2074033', '2.2.3 Diplomado de formación para guardas forestales y guardianas' ),
 ( 66, 1, '2074034', '2.2.4 Transporte para pasantías' ),
 ( 67, 1, '2074046', '3.5.6 Reforestación de al menos 100 hectareas' ),
 ( 68, 1, '2074047', '3.5.7 Entrega de insumos para el establecimiento de viveros' ),
 ( 69, 1, '2074065', '5.2.1 Diagnostico/inventario de recursos forestales' ),
 ( 70, 1, '2074066', '5.2.2 Elaboración de estudio de reisgo en areas ppriorizadas' ),
 ( 71, 1, '2074068', '5.2.4 Realización de documental sobre areas naturales de itneres' ),
 ( 72, 1, '2074071', '5.2.7 Elaboración de estudios de impacto ambiental, social y económico' ),
 ( 73, 1, '2074075', '5.7.2 Encuentro centroamericano-europeo para compartir y evaluar' ),
 ( 74, 1, '2074078', '1.3.2.7 Dietas para personal para la acción' ),
 ( 75, 1, '2074079', '1.3.3.10 Talleres y reuniones para la elaboración de la politica mancomunada' ),
 ( 76, 1, '2074080', '1.3.3.11 Dietas para la campaña de documentación e identificación' ),
 ( 77, 1, '2074081', '2.2.5 Transporte para personal para la acción' ),
 ( 78, 1, '2075054', '3.5.14 Combustible para actividades en comunidades' ),
 ( 79, 1, '2075059', '4.1.5 Combustible desplazamientos a oficina en terreno' ),
 ( 80, 1, '2075060', '4.2.1 Alquiler de oficina área de ejecución' ),
 ( 81, 1, '2078063', '5.1.1 Publicación y divulgación de planes de desarrollo y ordenamiento \r\n2078064\"' );

DROP TABLE IF EXISTS `tbl_partida` CASCADE;

CREATE TABLE `tbl_partida` (
  `id` int(11) NOT NULL AUTO_INCREMENT,
  `contabilidad` int(11) NOT NULL,
  `libro` int(11) NOT NULL,
  `periodo` int(11) NOT NULL,
  `fecha` date NOT NULL,
  `tipo_partida` int(11) NOT NULL,
  `numero_partida` tinytext,
  `referencia` tinytext,
  `concepto` tinytext,
  `debe` double DEFAULT NULL,
  `haber` double DEFAULT NULL,
  `anulada` tinyint(1) DEFAULT NULL,
  PRIMARY KEY (`id`,`contabilidad`,`libro`,`periodo`,`tipo_partida`),
  KEY `fk_tbl_partida_tbl_periodo1_idx` (`periodo`),
  KEY `fk_tbl_partida_tbl_libro1_idx` (`libro`,`contabilidad`),
  KEY `fk_tbl_partida_tbl_tipo_partida1_idx` (`tipo_partida`),
  CONSTRAINT `fk_tbl_partida_tbl_libro1` FOREIGN KEY (`libro`, `contabilidad`) REFERENCES `tbl_libro` (`id`, `contabilidad`) ON UPDATE CASCADE,
  CONSTRAINT `fk_tbl_partida_tbl_periodo1` FOREIGN KEY (`periodo`) REFERENCES `tbl_periodo` (`id`) ON UPDATE CASCADE,
  CONSTRAINT `fk_tbl_partida_tbl_tipo_partida1` FOREIGN KEY (`tipo_partida`) REFERENCES `tbl_tipo_partida` (`id`) ON UPDATE CASCADE
) ENGINE=InnoDB AUTO_INCREMENT=86 DEFAULT CHARSET=utf8;

INSERT INTO `tbl_partida` ( ID, CONTABILIDAD, LIBRO, PERIODO, FECHA, TIPO_PARTIDA, NUMERO_PARTIDA, REFERENCIA, CONCEPTO, DEBE, HABER, ANULADA ) VALUES
 ( 1, 1, 1, 9, '2010-09-17', 1, 'UEMA0001', '0847', 'Taller de fortalecimiento con las organizaciones de mujeres de Soloma', 5050, 5050, 0 ),
 ( 2, 1, 1, 9, '2010-09-17', 1, 'UEMA0002', '0848', ' Combustible de motos mes septiembre 2010', 2000, 2000, 0 ),
 ( 3, 1, 1, 9, '2010-09-17', 1, 'UEMA0004', '0849', 'Anulado', 0, 0, 1 ),
 ( 4, 1, 1, 9, '2010-09-17', 1, 'UEMA0005', '0850', 'Combustible de motos mes octubre 2010', 4000, 4000, 0 ),
 ( 5, 1, 1, 9, '2010-09-17', 1, 'UEMA0006', '0851', 'Transporte para plantas de Barillas a la aldea Patalcal, San Mateo Ixtatan', 7100, 7100, 0 ),
 ( 6, 1, 1, 9, '2010-09-17', 1, 'UEMA0007', '0852', 'Talleres de masculinidad en las comunidades mes septiembre 2010', 17270, 17270, 0 ),
 ( 7, 1, 1, 9, '2010-09-17', 1, 'UEMA0008', '0853', 'Taller sencibilización a grupo de mujeres en Soloma', 5050, 5050, 0 ),
 ( 8, 1, 1, 9, '2010-09-17', 1, 'UEMA0009', '0854', 'Talleres de POTC en pacomal y Quisna los dias 21 y 22 septiembre 2010', 1250, 1250, 0 ),
 ( 9, 1, 1, 9, '2010-09-17', 1, 'UEMA0010', '0855', 'Renta de oficina de Barilla, Huehuetenango mes septiembre 2010', 2500, 2500, 0 ),
 ( 10, 1, 1, 9, '2010-09-17', 1, 'UEMA0011', '0856', 'Talleres de POTC en San Jose y naranjales los 21 y 22  de septiembre 2010', 1250, 1250, 0 ),
 ( 11, 1, 2, 8, '2010-08-31', 5, 'UEMA0001', null, 'Partida de apertura por cambio de sistema al 31/08/2010', 3065921.31, 3065921.31, 0 ),
 ( 12, 1, 1, 9, '2010-09-21', 1, 'UEMA0002', '0857', 'Anulado', 0, 0, 1 ),
 ( 13, 1, 1, 9, '2010-09-22', 1, 'UEMA0003', '0858', 'Almacenamiento de plantas a equipo para establecimientos de viveros', 850, 850, 0 ),
 ( 14, 1, 1, 9, '2010-09-22', 1, 'UEMA0005', '0859', 'Anulado', 0, 0, 1 ),
 ( 15, 1, 1, 9, '2010-09-22', 1, 'UEMA0006', '0860', 'Anulado', 0, 0, 1 ),
 ( 16, 1, 1, 9, '2010-09-22', 1, 'UEMA0008', '0861', 'Anulado', 0, 0, 1 ),
 ( 17, 1, 1, 9, '2010-09-22', 1, 'UEMA0009', '0862', 'Duropor embalaje plotter uso y ejecución del proyecto', 145.7, 145.7, 0 ),
 ( 18, 1, 1, 9, '2010-09-27', 1, 'UEMA0010', '0863', 'Alimetación, hospedaje y transporte, material de visibilidad y otros para campaña de sensibilización para el Municipio Santa Eulalia', 14120, 14120, 0 ),
 ( 19, 1, 1, 9, '2010-09-27', 1, 'UEMA0011', '0864', 'Foro preparatorio del encuentro', 1003.75, 1003.75, 0 ),
 ( 20, 1, 2, 9, '2010-09-27', 7, 'UEMA0012', 'PD001', 'L.Ch.812, Patricia Castillo, Compra de seis computadoras', 41610, 41610, 0 ),
 ( 21, 1, 2, 9, '2010-09-27', 7, 'UEMA0013', 'PD002', 'L.Ch.845, Patricia Castillo, IMpresión de calcomanias', 1350, 1350, 0 ),
 ( 22, 1, 2, 9, '2010-09-27', 7, 'UEMA0014', 'PD003', 'Anulado', 0, 0, 1 ),
 ( 23, 1, 2, 9, '2010-09-27', 7, 'UEMA0015', 'PD004', 'L.Ch.835, Cecilia Villatoro, consultor material para taller', 4060, 4060, 0 ),
 ( 24, 1, 2, 9, '2010-09-27', 7, 'UEMA0016', 'PD005', 'L.Ch.839, Cecilia Villatoro, Alimentación y movilización para talleres', 7667.5, 7667.5, 0 ),
 ( 25, 1, 2, 9, '2010-09-27', 7, 'UEMA0017', 'PD006', 'L.Ch. 803, Cecilia Villatoro, material y alimentación de taller de fortalecimiento', 5040, 5040, 0 ),
 ( 26, 1, 2, 9, '2010-09-27', 7, 'UEMA0018', 'PD007', 'L.Ch.752, Cecilia Billatoro, Alimentación talleres y material didáctico', 2212.25, 2212.25, 0 ),
 ( 27, 1, 2, 9, '2010-09-27', 7, 'UEMA0019', 'PD008', 'L.Ch.807, Darvin Reyes,  combustible hilux y motos', 2500, 2500, 0 ),
 ( 28, 1, 2, 9, '2010-09-27', 7, 'UEMA0020', 'PD009', 'Anulado', 0, 0, 1 ),
 ( 29, 1, 2, 9, '2010-09-27', 7, 'UEMA0021', 'PD010', 'L.Ch.804, Lidia Velasquez, Tramite de documentación', 227, 227, 0 ),
 ( 30, 1, 2, 9, '2010-09-27', 7, 'UEMA0022', 'PD011', 'L.Ch.802, Monica Velasquez, reforestación con arboles de pino', 30000, 30000, 0 ),
 ( 31, 1, 2, 9, '2010-09-27', 7, 'UEMA0023', 'PD012', 'L.Ch.669, Pedro Raymundo, combustible para motos', 92, 92, 0 ),
 ( 32, 1, 1, 9, '2010-09-27', 1, 'UEMA0024', '0865', 'Sueldo septiembre 2010', 4220, 4220, 0 ),
 ( 33, 1, 1, 9, '2010-09-27', 1, 'UEMA0025', '0866', 'Sueldo septiembre 2010', 8000, 8000, 0 ),
 ( 34, 1, 1, 9, '2010-09-27', 1, 'UEMA0026', '0867', 'Sueldo septiembre 2010', 7384, 7384, 0 ),
 ( 35, 1, 1, 9, '2010-09-27', 1, 'UEMA0027', '0868', 'Sueldo septiembre 2010', 4220, 4220, 0 ),
 ( 36, 1, 1, 9, '2010-09-27', 1, 'UEMA0028', '0869', 'Sueldo septiembre 2010', 4000, 4000, 0 ),
 ( 37, 1, 1, 9, '2010-09-27', 1, 'UEMA0029', '0870', 'Anulado', 0, 0, 1 ),
 ( 38, 1, 1, 9, '2010-09-28', 1, 'UEMA0031', '0872', 'Anulado', 0, 0, 1 ),
 ( 39, 1, 1, 9, '2010-09-28', 1, 'UEMA0032', '0873', 'Sueldo septiembre 2010', 50277.73, 50277.73, 0 ),
 ( 40, 1, 1, 9, '2010-09-28', 1, 'UEMA0033', '0874', 'Servicios septiembre 2010', 4000, 4000, 0 ),
 ( 41, 1, 1, 9, '2010-09-28', 1, 'UEMA0034', '0875', 'Sueldo septiembre 2010', 7384, 7384, 0 ),
 ( 42, 1, 1, 9, '2010-09-28', 1, 'UEMA0035', '0876', 'Sueldo septiembre 2010', 5802, 5802, 0 ),
 ( 43, 1, 1, 9, '2010-09-28', 1, 'UEMA0036', '0877', 'Sueldo septiembre 2010', 3165, 3165, 0 ),
 ( 44, 1, 1, 9, '2010-09-28', 1, 'UEMA0037', '0878', 'Sueldo septiembre 2010', 2901, 2901, 0 ),
 ( 45, 1, 1, 9, '2010-09-28', 1, 'UEMA0038', '0879', 'Sueldo septiembre 2010', 8000, 8000, 0 ),
 ( 46, 1, 1, 9, '2010-09-28', 1, 'UEMA0039', '0880', 'Sueldo septiembre 2010', 10548, 10548, 0 ),
 ( 47, 1, 1, 9, '2010-09-28', 1, 'UEMA0040', '0881', 'Sueldo septiembre 2010', 2637, 2637, 0 ),
 ( 48, 1, 2, 9, '2010-09-28', 7, 'UEMA0041', 'PD013', 'L.Ch.842, Eduardo Pérez, material didáctico para talleres', 500, 500, 0 ),
 ( 49, 1, 2, 9, '2010-09-28', 7, 'UEMA0042', 'PD014', 'L.Ch.762, Eudardo Perez, participantes talleres', 477, 477, 0 ),
 ( 50, 1, 2, 9, '2010-09-28', 7, 'UEMA0043', 'PD015', 'L.Ch.764, Eduardo Pérez, alimentación para talleres', 150, 150, 0 ),
 ( 51, 1, 1, 9, '2010-09-28', 1, 'UEMA0044', '0882', 'Renta oficina Barrillas Huehuetenango, octubre 2010', 2500, 2500, 0 ),
 ( 52, 1, 2, 9, '2010-09-28', 7, 'UEMA0045', 'PD017', 'ANULADO, Ch. No. 828', 1500, 1500, 0 ),
 ( 53, 1, 2, 9, '2010-09-17', 2, 'UEMA0046', '62290648', 'Reintegro Ch.No. 752, Cecilia Villatoro', 1405.75, 1405.75, 0 ),
 ( 54, 1, 2, 9, '2010-09-14', 2, 'UEMA0047', '76751277', 'Reintegro Ch. 803, Lidia Velasquez', 2486, 2486, 0 ),
 ( 55, 1, 2, 9, '2010-09-14', 2, 'UEMA0048', '76751276', 'Reintegro Ch.No. 839, Lidia Velasquez', 4919.65, 4919.65, 0 ),
 ( 56, 1, 2, 9, '2010-09-17', 2, 'UEMA0049', '62290647', 'Reintegro Ch.No. 842, Monica Velasquez', 6.5, 6.5, 0 ),
 ( 57, 1, 2, 8, '2010-08-20', 2, 'UEMA0050', '51378724', 'Anulado', 0, 0, 1 ),
 ( 58, 1, 2, 8, '2010-08-19', 2, 'UEMA0051', '69466974', 'Anulado', 0, 0, 1 ),
 ( 59, 1, 2, 8, '2010-08-20', 2, 'UEMA0052', '51378807', 'Anulado', 0, 0, 1 ),
 ( 60, 1, 2, 8, '2010-08-20', 2, 'UEMA0053', '51378808', 'Anulado', 0, 0, 1 ),
 ( 61, 1, 2, 9, '2010-09-01', 2, 'UEMA0054', '51380817', 'Reintegro Ch.No. 807, Tomas Miguel', 11, 11, 0 ),
 ( 62, 1, 1, 9, '2010-09-28', 1, 'UEMA0030', '0871', 'Sueldo septiembre 2010', 4536, 4536, 0 ),
 ( 63, 1, 1, 9, '2010-09-30', 1, 'UEMA0059', '0883', 'Prestaciones Laborales  período 01/05/2010 al 31/11/2010', 5301.14, 5301.14, 0 ),
 ( 64, 1, 1, 9, '2010-09-30', 1, 'UEMA0061', '0884', 'Viáticos octubre 2010', 1000, 1000, 0 ),
 ( 65, 1, 1, 9, '2010-09-30', 1, 'UEMA0062', '0885', 'Viáticos octubre 2010', 1500, 1500, 0 ),
 ( 66, 1, 1, 9, '2010-09-30', 1, 'UEMA0063', '0886', 'Viáticos octubre 2010', 400, 400, 0 ),
 ( 67, 1, 1, 9, '2010-09-30', 1, 'UEMA0064', '0887', 'Viáticos octubre 2010', 600, 600, 0 ),
 ( 68, 1, 1, 9, '2010-09-30', 1, 'UEMA0065', '0888', 'Viáticos ocstubre 2010', 400, 400, 0 ),
 ( 69, 1, 1, 9, '2010-09-30', 1, 'UEMA0066', '0889', 'Tintas y materiales oficina,luz, telefono e internet y servicio de limpieza, octubre 2010', 8400, 8400, 0 ),
 ( 70, 1, 1, 9, '2010-09-30', 1, 'UEMA0067', '0890', 'Alimentación didáctico para taller septimbre', 950, 950, 0 ),
 ( 71, 1, 1, 9, '2010-09-30', 1, 'UEMA0068', '0891', 'Almacenamiento de plantas y equipo establecimiento de viveros', 850, 850, 0 ),
 ( 72, 1, 1, 9, '2010-09-30', 1, 'UEMA0069', '0892', 'Combustible octubre 2010', 200, 200, 0 ),
 ( 73, 1, 1, 9, '2010-09-30', 1, 'UEMA0070', '0893', 'Material didáctico y refacciones para taller en San Mateo del 18 al 30 octubre 2010 San Mateo Ixtatán', 5500, 5500, 0 ),
 ( 74, 1, 1, 9, '2010-09-30', 1, 'UEMA0071', '0894', 'Viáticos octubre 2010', 800, 800, 0 ),
 ( 75, 1, 1, 9, '2010-09-30', 1, 'UEMA0072', '0895', 'Viáticos octubre 2010', 600, 600, 0 ),
 ( 76, 1, 1, 9, '2010-09-30', 1, 'UEMA0073', '0896', 'Anulado', 0, 0, 1 ),
 ( 77, 1, 1, 9, '2010-09-30', 1, 'UEMA0074', '0897', 'Mantenimiento de vehículo pick Up Toyota Hilux, placa P-096 DSB proyecto', 3258.29, 3258.29, 0 ),
 ( 78, 1, 1, 9, '2010-09-30', 1, 'UEMA0075', '0898', 'Viáticos octubre 2010', 1000, 1000, 0 ),
 ( 79, 1, 1, 9, '2010-09-30', 1, 'UEMA0076', '0899', 'IGSS septiembre 2010', 9092.38, 9092.38, 0 ),
 ( 80, 1, 1, 9, '2010-09-30', 1, 'UEMA0077', '0900', 'Cuenta x pagar septiembre 2010', 264, 264, 0 ),
 ( 81, 1, 1, 9, '2010-09-30', 1, 'UEMA0078', '0901', 'Mantenimiento moto pinxhazo de llantas', 265, 265, 0 ),
 ( 82, 1, 1, 9, '2010-09-30', 1, 'UEMA0079', '0902', 'Alimentación y transporte, taller formación y sensibilización a integrantes de comisiones comunitarios', 1496, 1496, 0 ),
 ( 83, 1, 2, 9, '2010-09-30', 3, 'UEMA0080', '212879828', 'Intereses Septiembre 2010', 1117.76, 1117.76, 0 ),
 ( 84, 1, 2, 9, '2010-09-30', 7, 'UEMA0081', 'PD018', 'Anulado', 0, 0, 1 );

DROP TABLE IF EXISTS `tbl_partida_detalle` CASCADE;

CREATE TABLE `tbl_partida_detalle` (
  `id` int(11) NOT NULL AUTO_INCREMENT,
  `partida` int(11) NOT NULL,
  `catalogo` int(11) NOT NULL,
  `cuenta` varchar(20) NOT NULL,
  `concepto` tinytext,
  `debe` double DEFAULT NULL,
  `haber` double DEFAULT NULL,
  `marcador` int(11) DEFAULT NULL,
  `proveedor` int(11) DEFAULT NULL,
  `tipo_doc` int(11) DEFAULT NULL,
  `serie_doc` varchar(8) DEFAULT NULL,
  `numero_doc` varchar(16) DEFAULT NULL,
  `fecha_doc` date DEFAULT NULL,
  `observaciones` tinytext,
  PRIMARY KEY (`id`,`partida`,`catalogo`,`cuenta`),
  KEY `fk_tbl_partida_detalle_tbl_partida1_idx` (`partida`),
  KEY `fk_tbl_partida_detalle_tbl_marcador1_idx` (`marcador`),
  KEY `fk_tbl_partida_detalle_tbl_cuenta1_idx` (`cuenta`,`catalogo`),
  KEY `fk_tbl_partida_detalle_tbl_proveedor1_idx` (`proveedor`),
  KEY `fk_tbl_partida_detalle_tbl_tipo_documento1_idx` (`tipo_doc`),
  CONSTRAINT `fk_tbl_partida_detalle_tbl_cuenta1` FOREIGN KEY (`cuenta`, `catalogo`) REFERENCES `tbl_cuenta` (`id`, `catalogo`) ON DELETE CASCADE ON UPDATE CASCADE,
  CONSTRAINT `fk_tbl_partida_detalle_tbl_marcador1` FOREIGN KEY (`marcador`) REFERENCES `tbl_marcador` (`id`) ON UPDATE CASCADE,
  CONSTRAINT `fk_tbl_partida_detalle_tbl_partida1` FOREIGN KEY (`partida`) REFERENCES `tbl_partida` (`id`) ON UPDATE CASCADE,
  CONSTRAINT `fk_tbl_partida_detalle_tbl_proveedor1` FOREIGN KEY (`proveedor`) REFERENCES `tbl_proveedor` (`id`) ON UPDATE CASCADE,
  CONSTRAINT `fk_tbl_partida_detalle_tbl_tipo_documento1` FOREIGN KEY (`tipo_doc`) REFERENCES `tbl_tipo_documento` (`id`) ON UPDATE CASCADE
) ENGINE=InnoDB AUTO_INCREMENT=317 DEFAULT CHARSET=utf8;

INSERT INTO `tbl_partida_detalle` ( ID, PARTIDA, CATALOGO, CUENTA, CONCEPTO, DEBE, HABER, MARCADOR, PROVEEDOR, TIPO_DOC, SERIE_DOC, NUMERO_DOC, FECHA_DOC, OBSERVACIONES ) VALUES
 ( 1, 1, 1, '1130202', 'Taller de fortalecimiento con las organizaciones de mujeres de Soloma', 5050, 0, null, null, null, null, null, null, null ),
 ( 2, 1, 1, '1120207', 'Taller de fortalecimiento con las organizaciones de mujeres de Soloma', 0, 5050, null, null, null, null, null, null, null ),
 ( 3, 2, 1, '1130202', 'Para combustible de motos mes septiembre 2010', 2000, 0, null, null, null, null, null, null, null ),
 ( 4, 2, 1, '1120207', 'Para combustible de motos mes septiembre 2010', 0, 2000, null, null, null, null, null, null, null ),
 ( 5, 4, 1, '1130202', 'Combustible de motos mes octubre 2010', 4000, 0, null, null, null, null, null, null, null ),
 ( 6, 4, 1, '1120207', 'Combustible de motos mes octubre 2010', 0, 4000, null, null, null, null, null, null, null ),
 ( 7, 5, 1, '1130202', 'Transporte para plantas de Barillas a la aldea Patalcal, San Mateo Ixtatan', 7100, 0, null, null, null, null, null, null, null ),
 ( 8, 5, 1, '1120207', 'Transporte para plantas de Barillas a la aldea Patalcal, San Mateo Ixtatan', 0, 7100, null, null, null, null, null, null, null ),
 ( 9, 6, 1, '1130202', 'Talleres de masculinidad en las comunidades mes septiembre 2010', 17270, 0, null, null, null, null, null, null, null ),
 ( 10, 6, 1, '1120207', 'Talleres de masculinidad en las comunidades mes septiembre 2010', 0, 17270, null, null, null, null, null, null, null ),
 ( 11, 7, 1, '1130202', 'Taller sencibilización a grupo de mujeres en Soloma', 5050, 0, null, null, null, null, null, null, null ),
 ( 12, 7, 1, '1120207', 'Taller sencibilización a grupo de mujeres en Soloma', 0, 5050, null, null, null, null, null, null, null ),
 ( 13, 8, 1, '1130202', 'Talleres de POTC en pacomal y Quisna los dias 21 y 22 septiembre 2010', 1250, 0, null, null, null, null, null, null, null ),
 ( 14, 8, 1, '1120207', 'Talleres de POTC en pacomal y Quisna los dias 21 y 22 septiembre 2010', 0, 1250, null, null, null, null, null, null, null ),
 ( 15, 9, 1, '1130202', 'Renta de oficina de Barilla, Huehuetenango mes septiembre 2010', 2500, 0, null, null, null, null, null, null, null ),
 ( 16, 9, 1, '1120207', 'Renta de oficina de Barilla, Huehuetenango mes septiembre 2010', 0, 2500, null, null, null, null, null, null, null ),
 ( 17, 10, 1, '1130202', 'Talleres de POTC en San Jose y naranjales los 21 y 22  de septiembre 2010', 1250, 0, null, null, null, null, null, null, null ),
 ( 18, 10, 1, '1120207', 'Talleres de POTC en San Jose y naranjales los 21 y 22  de septiembre 2010', 0, 1250, null, null, null, null, null, null, null ),
 ( 19, 11, 1, '521010103', 'Partida de apertura por cambio de sistema al 31/08/2010', 86770.05, 0, 1, null, null, null, null, null, null ),
 ( 20, 11, 1, '521010101', 'Partida de apertura por cambio de sistema al 31/08/2010', 150566.77, 0, null, null, null, null, null, null, null ),
 ( 21, 11, 1, '521010101', 'Partida de apertura por cambio de sistema al 31/08/2010', 508124.2, 0, 2, null, null, null, null, null, null ),
 ( 22, 11, 1, '521010101', 'Partida de apertura por cambio de sistema al 31/08/2010', 121736.68, 0, 3, null, null, null, null, null, null ),
 ( 23, 11, 1, '521010101', 'Partida de apertura por cambio de sistema al 31/08/2010', 127189.71, 0, 4, null, null, null, null, null, null ),
 ( 24, 11, 1, '521010101', 'Partida de apertura por cambio de sistema al 31/08/2010', 152695.63, 0, 5, null, null, null, null, null, null ),
 ( 25, 11, 1, '521010101', 'Partida de apertura por cambio de sistema al 31/08/2010', 24556.98, 0, 7, null, null, null, null, null, null ),
 ( 26, 11, 1, '521010102', 'Partida de apertura por cambio de sistema al 31/08/2010', 98241.45, 0, 8, null, null, null, null, null, null ),
 ( 27, 11, 1, '521010102', 'Partida de apertura por cambio de sistema al 31/08/2010', 53698.94, 0, 9, null, null, null, null, null, null ),
 ( 28, 11, 1, '521010102', 'Partida de apertura por cambio de sistema al 31/08/2010', 53608.02, 0, 10, null, null, null, null, null, null ),
 ( 29, 11, 1, '5230207', 'Partida de apertura por cambio de sistema al 31/08/2010', 11258.3, 0, 46, null, null, null, null, null, null ),
 ( 30, 11, 1, '5230202', 'Partida de apertura por cambio de sistema al 31/08/2010', 3690, 0, 47, null, null, null, null, null, null ),
 ( 31, 11, 1, '5230207', 'Partida de apertura por cambio de sistema al 31/08/2010', 3322, 0, 48, null, null, null, null, null, null ),
 ( 32, 11, 1, '5230202', 'Partida de apertura por cambio de sistema al 31/08/2010', 1522, 0, 51, null, null, null, null, null, null ),
 ( 33, 11, 1, '5230202', 'Partida de apertura por cambio de sistema al 31/08/2010', 4016, 0, 52, null, null, null, null, null, null ),
 ( 34, 11, 1, '5230202', 'Partida de apertura por cambio de sistema al 31/08/2010', 7526, 0, 53, null, null, null, null, null, null ),
 ( 35, 11, 1, '5230201', 'Partida de apertura por cambio de sistema al 31/08/2010', 8483, 0, 54, null, null, null, null, null, null ),
 ( 36, 11, 1, '5230202', 'Partida de apertura por cambio de sistema al 31/08/2010', 3760, 0, 55, null, null, null, null, null, null ),
 ( 37, 11, 1, '5230202', 'Partida de apertura por cambio de sistema al 31/08/2010', 26630.6, 0, 56, null, null, null, null, null, null ),
 ( 38, 11, 1, '5230202', 'Partida de apertura por cambio de sistema al 31/08/2010', 16577.5, 0, 57, null, null, null, null, null, null ),
 ( 39, 11, 1, '5230202', 'Partida de apertura por cambio de sistema al 31/08/2010', 5917.7, 0, 58, null, null, null, null, null, null ),
 ( 40, 11, 1, '5230104', 'Partida de apertura por cambio de sistema al 31/08/2010', 6964, 0, 63, null, null, null, null, null, null ),
 ( 41, 11, 1, '5230206', 'Partida de apertura por cambio de sistema al 31/08/2010', 2176, 0, 64, null, null, null, null, null, null ),
 ( 42, 11, 1, '5220106', 'Partida de apertura por cambio de sistema al 31/08/2010', 156067, 0, 15, null, null, null, null, null, null ),
 ( 43, 11, 1, '5220106', 'Partida de apertura por cambio de sistema al 31/08/2010', 113562, 0, 16, null, null, null, null, null, null ),
 ( 44, 11, 1, '5220104', 'Partida de apertura por cambio de sistema al 31/08/2010', 7385, 0, 17, null, null, null, null, null, null ),
 ( 45, 11, 1, '5220105', 'Partida de apertura por cambio de sistema al 31/08/2010', 10875, 0, 18, null, null, null, null, null, null ),
 ( 46, 11, 1, '5220103', 'Partida de apertura por cambio de sistema al 31/08/2010', 136086.66, 0, 19, null, null, null, null, null, null ),
 ( 47, 11, 1, '5220103', 'Partida de apertura por cambio de sistema al 31/08/2010', 0, 0, 20, null, null, null, null, null, null ),
 ( 48, 11, 1, '5220201', 'Partida de apertura por cambio de sistema al 31/08/2010', 0, 0, 21, null, null, null, null, null, null ),
 ( 49, 11, 1, '5220201', 'Partida de apertura por cambio de sistema al 31/08/2010', 10068.53, 0, 42, null, null, null, null, null, null ),
 ( 50, 11, 1, '5220202', 'Partida de apertura por cambio de sistema al 31/08/2010', 900, 0, 23, null, null, null, null, null, null ),
 ( 51, 11, 1, '5220103', 'Partida de apertura por cambio de sistema al 31/08/2010', 59808, 0, 24, null, null, null, null, null, null ),
 ( 52, 11, 1, '5220209', 'Partida de apertura por cambio de sistema al 31/08/2010', 195075, 0, 67, null, null, null, null, null, null ),
 ( 53, 11, 1, '5220209', 'Partida de apertura por cambio de sistema al 31/08/2010', 42557.5, 0, 68, null, null, null, null, null, null ),
 ( 54, 11, 1, '5220201', 'Partida de apertura por cambio de sistema al 31/08/2010', 19554.05, 0, 27, null, null, null, null, null, null ),
 ( 55, 11, 1, '5240301', 'Partida de apertura por cambio de sistema al 31/08/2010', 34861, 0, 78, null, null, null, null, null, null ),
 ( 56, 11, 1, '5240301', 'Partida de apertura por cambio de sistema al 31/08/2010', 25668.14, 0, 31, null, null, null, null, null, null ),
 ( 57, 11, 1, '5240301', 'Partida de apertura por cambio de sistema al 31/08/2010', 11814, 0, 32, null, null, null, null, null, null ),
 ( 58, 11, 1, '5240302', 'Partida de apertura por cambio de sistema al 31/08/2010', 18495.82, 0, 33, null, null, null, null, null, null ),
 ( 59, 11, 1, '5240302', 'Partida de apertura por cambio de sistema al 31/08/2010', 13931.22, 0, 34, null, null, null, null, null, null ),
 ( 60, 11, 1, '5240301', 'Partida de apertura por cambio de sistema al 31/08/2010', 11776.61, 0, 79, null, null, null, null, null, null ),
 ( 61, 11, 1, '5240205', 'Partida de apertura por cambio de sistema al 31/08/2010', 28700, 0, 80, null, null, null, null, null, null ),
 ( 62, 11, 1, '5220205', 'Partida de apertura por cambio de sistema al 31/08/2010', 22634.16, 0, 35, null, null, null, null, null, null ),
 ( 63, 11, 1, '5240203', 'Partida de apertura por cambio de sistema al 31/08/2010', 26355.75, 0, 36, null, null, null, null, null, null ),
 ( 64, 11, 1, '5210205', 'Partida de apertura por cambio de sistema al 31/08/2010', 30625, 0, 11, null, null, null, null, null, null ),
 ( 65, 11, 1, '5220207', 'Partida de apertura por cambio de sistema al 31/08/2010', 15000, 0, 37, null, null, null, null, null, null ),
 ( 66, 11, 1, '5210205', 'Partida de apertura por cambio de sistema al 31/08/2010', 12000, 0, 12, null, null, null, null, null, null ),
 ( 67, 11, 1, '5210201', 'Partida de apertura por cambio de sistema al 31/08/2010', 500, 0, 13, null, null, null, null, null, null ),
 ( 68, 11, 1, '5220201', 'Partida de apertura por cambio de sistema al 31/08/2010', 7206.45, 0, 39, null, null, null, null, null, null ),
 ( 69, 11, 1, '5220201', 'Partida de apertura por cambio de sistema al 31/08/2010', 5, 0, 43, null, null, null, null, null, null ),
 ( 70, 11, 1, '1120207', 'Partida de apertura por cambio de sistema al 31/08/2010', 380059.67, 0, null, null, null, null, null, null, null ),
 ( 71, 11, 1, '1130202', 'Partida de apertura por cambio de sistema al 31/08/2010', 149980.35, 0, null, null, null, null, null, null, null ),
 ( 72, 11, 1, '1130201', 'Partida de apertura por cambio de sistema al 31/08/2010', 980.4, 0, null, null, null, null, null, null, null ),
 ( 73, 11, 1, '41202', 'Partida de apertura por cambio de sistema al 31/08/2010', 0, 3058000, null, null, null, null, null, null, null ),
 ( 74, 11, 1, '4120301', 'Partida de apertura por cambio de sistema al 31/08/2010', 0, 7921.31, null, null, null, null, null, null, null ),
 ( 75, 11, 1, '1130201', 'Partida de apertura por cambio de sistema al 31/08/2010', 139.97, 0, null, null, null, null, null, null, null ),
 ( 76, 11, 1, '5220102', 'Partida de apertura por cambio de sistema al 31/08/2010', 44217.5, 0, 26, null, null, null, null, null, null ),
 ( 77, 13, 1, '1130202', 'Almacenamiento de plantas a equipo para establecimientos de viveros', 850, 0, null, null, null, null, null, null, null ),
 ( 78, 13, 1, '1120207', 'Almacenamiento de plantas a equipo para establecimientos de viveros', 0, 850, null, null, null, null, null, null, null ),
 ( 79, 17, 1, '1120207', 'Duropor embalaje plotter uso y ejecución del proyecto', 0, 145.7, null, null, null, null, null, null, null ),
 ( 80, 17, 1, '5220205', 'Duroport, material de oficina, bienes fungibles', 145.7, 0, 35, 1, 1, null, '49902', '2010-09-01', null ),
 ( 81, 18, 1, '1130202', 'Alimetación, hospedaje y transporte, material de visibilidad y otros para campaña de sensibilización para el Municipio Santa Eulalia', 14120, 0, null, null, null, null, null, null, null ),
 ( 82, 18, 1, '1120207', 'Alimetación, hospedaje y transporte, material de visibilidad y otros para campaña de sensibilización para el Municipio Santa Eulalia', 0, 14120, null, null, null, null, null, null, null ),
 ( 83, 19, 1, '1130202', 'Foro preparatorio del encuentro', 1003.75, 0, null, null, null, null, null, null, null ),
 ( 84, 19, 1, '1120207', 'Foro preparatorio del encuentro', 0, 1003.75, null, null, null, null, null, null, null ),
 ( 85, 20, 1, '5220104', 'Computadoras, equipamiento de las oficinas forestales', 41610, 0, 17, 2, 1, null, '3', '2010-09-01', null ),
 ( 86, 20, 1, '1130202', 'L.Ch.812, Patricia Castillo, Compra de seis computadoras', 0, 41610, null, null, null, null, null, null, null ),
 ( 87, 21, 1, '5220201', 'Impresión calcomanias, campañas de sensibilización y formación, conservación y manejo de recursos naturales', 1350, 0, 39, 3, 1, null, '13', '2010-09-10', null ),
 ( 88, 21, 1, '1130202', 'L.Ch.845, Patricia Castillo, IMpresión de calcomanias', 0, 1350, null, null, null, null, null, null, null ),
 ( 89, 23, 1, '5210205', 'Consultoria, asesorias técnicas externas', 1730, 0, 12, 4, 2, null, '2277', '2010-08-30', null ),
 ( 90, 23, 1, '5230202', 'Movilización, talleres de sensibilización en género', 300, 0, 55, 5, 3, null, 'S/N', '2010-08-30', null ),
 ( 91, 23, 1, '1130202', 'L.Ch.835, Cecilia Villatoro, consultor material para taller', 0, 4060, null, null, null, null, null, null, null ),
 ( 92, 23, 1, '5210205', 'Consultoria, asesorias técnicas externas', 1730, 0, 12, 10, 2, null, '2276', '2010-08-30', null ),
 ( 93, 23, 1, '5230202', 'Movilización, talleres de sensiblización en género', 300, 0, 55, 5, 3, null, 'S/N', '2010-08-30', null ),
 ( 94, 24, 1, '5230202', 'Guarderia, taller fortalecimiento agrupaciones de mujeres comunitarias', 150, 0, 56, 6, 2, null, '2288', '2010-09-13', null ),
 ( 95, 24, 1, '5220201', 'Fotocopias, material didáctico para talleres', 202.5, 0, 42, 7, 1, null, '116', '2010-09-10', null ),
 ( 96, 24, 1, '1130202', 'L.Ch.839, Cecilia Villatoro, Alimentación y movilización para talleres', 0, 7667.5, null, null, null, null, null, null, null ),
 ( 97, 24, 1, '1130202', 'L.Ch.839, Cecilia Villatoro, Alimentación y movilización para talleres', 4919.65, 0, null, null, null, null, null, null, null ),
 ( 98, 24, 1, '5230202', 'Guarderia, taller fortalecimiento agrupaciones de mujeres comunitarias', 150, 0, 56, 18, 2, null, '2289', '2010-09-13', null ),
 ( 99, 24, 1, '5230202', 'Alimentación, taller fortalecimiento agrupaciones de mujeres comunitarias', 206.5, 0, 56, 5, 3, null, 'S/N', '2010-09-10', null ),
 ( 100, 24, 1, '5230202', 'Alimentación, taller fortalecimiento agrupaciones de mujeres comunitarias', 206.5, 0, 56, 5, 3, null, 'S/N', '2010-09-10', null );
INSERT INTO `tbl_partida_detalle` ( ID, PARTIDA, CATALOGO, CUENTA, CONCEPTO, DEBE, HABER, MARCADOR, PROVEEDOR, TIPO_DOC, SERIE_DOC, NUMERO_DOC, FECHA_DOC, OBSERVACIONES ) VALUES
 ( 101, 24, 1, '5230202', 'Alimentación, taller fortalecimiento agrupaciones de mujeres comunitarias', 185.85, 0, 56, 5, 3, null, 'S/N', '2010-09-10', null ),
 ( 102, 24, 1, '5230202', 'Alimentación, taller fortalecimiento agrupaciones de mujeres comunitarias', 235, 0, 56, 5, 3, null, 'S/N', '2010-09-13', null ),
 ( 103, 24, 1, '5230202', 'Alimentación, taller fortalecimiento agrupaciones de mujeres comunitarias', 235, 0, 56, 5, 3, null, 'S/N', '2010-09-13', null ),
 ( 104, 24, 1, '5230202', 'Alimentación, taller fortalecimiento agrupaciones de mujeres comuntarias', 235, 0, 56, 5, 3, null, 'S/N', '2010-09-13', null ),
 ( 105, 24, 1, '5230202', 'Alimentación, taller fortalecimiento agrupaciones de mujeres comunitarias', 257.5, 0, 56, 5, 3, null, 'S/N', '2010-09-11', null ),
 ( 106, 24, 1, '5230202', 'Alimentación, taller fortalecimiento agrupaciones de mujeres comunitarias', 257.5, 0, 56, 5, 3, null, 'S/N', '2010-09-11', null ),
 ( 107, 24, 1, '5230202', 'Alimentación, taller fortalecimiento agrupaciones de mujeres comunitarias', 257.5, 0, 56, 5, 3, null, 'S/N', '2010-09-11', null ),
 ( 108, 24, 1, '5230202', 'Alimentación, taller fortalecimiento agrupaciones de mujeres comunitarias', 51.5, 0, 56, 5, 3, null, 'S/N', '2010-09-11', null ),
 ( 109, 24, 1, '5230202', 'Alimentación, taller fortalecimiento agrupaciones de mujeres comunitarias', 117.5, 0, 56, 5, 3, null, 'S/N', '2010-09-13', null ),
 ( 110, 25, 1, '5220201', 'Papelería, material didáctico para talleres', 18, 0, 42, 8, 1, null, '1743', '2010-08-30', null ),
 ( 111, 25, 1, '5230202', 'Guarderia, taller fortalecimiento agrupaciones de mujeres comunitarias', 100, 0, 56, 9, 2, null, '2272', '2010-08-26', null ),
 ( 112, 25, 1, '1130202', 'L.Ch. 803, Cecilia Villatoro, material y alimentación de taller de fortalecimiento', 0, 5040, null, null, null, null, null, null, null ),
 ( 113, 25, 1, '1130202', 'L.Ch. 803, Cecilia Villatoro, material y alimentación de taller de fortalecimiento', 2486, 0, null, null, null, null, null, null, null ),
 ( 114, 25, 1, '5220201', 'Fotocopias material didáctico para talleres', 300, 0, 42, 7, 1, null, '104', '2010-08-20', null ),
 ( 115, 25, 1, '5220201', 'Azafate, material didáctico para talleres', 10, 0, 42, 11, 1, null, '290', '2010-08-24', null ),
 ( 116, 25, 1, '5220201', 'Platos, material didáctico para talleres', 16.5, 0, 42, 12, 2, null, '2275', '2010-08-24', null ),
 ( 117, 25, 1, '5220201', 'Cuadro madera, material didáctico para talleres', 25, 0, 42, 13, 2, null, '2213', '2010-08-18', null ),
 ( 118, 25, 1, '5230202', 'Guarderia, taller fortalecimiento agrupaciones de mujeres comunitarias', 100, 0, 56, 15, 2, null, '2273', '2010-08-26', null ),
 ( 119, 25, 1, '5230202', 'Alimentación, taller fortalecimiento agrupaciones de mujeres comunirarias', 215, 0, 56, 5, 3, null, 'S/N', '2010-08-27', null ),
 ( 120, 25, 1, '5230202', 'Alimentación, taller fortalecimiento agrupaciones de mujeres comunitarias', 215, 0, 56, 5, 3, null, 'S/N', '2010-08-27', null ),
 ( 121, 25, 1, '5230202', 'Alimentación, taller fortalecimiento agrupaciones de mujeres comunitarias', 64.5, 0, 56, 5, 3, null, 'S/N', '2010-08-27', null ),
 ( 122, 25, 1, '5230202', 'Alimentación, taller fortalecimiento agrupaciones de mujeres comunitarias', 215, 0, 56, 5, 3, null, 'S/N', '2010-08-27', null ),
 ( 123, 25, 1, '5230202', 'Alimentación, taller fortalecimiento agrupaciones de mujeres comunitarias', 200, 0, 56, 5, 3, null, 'S/N', '2010-08-26', null ),
 ( 124, 25, 1, '5230202', 'Alimentación, taller fortalecimiento agrupaciones de mujeres comunitarias', 250, 0, 56, 5, 3, null, 'S/N', '2010-08-26', null ),
 ( 125, 25, 1, '5230202', 'Alimentación, taller fortalecimiento agrupaciones de mujeres comunitarias', 250, 0, 56, 5, 3, null, 'S/N', '2010-08-26', null ),
 ( 126, 25, 1, '5230202', 'Alimentación, taller fortalecimiento agrupaciones de mujeres comunitarias', 250, 0, 56, 5, 3, null, 'S/N', '2010-08-25', null ),
 ( 127, 25, 1, '5230202', 'Alimentación, taller fortalecimiento agrupaciones de mujeres comunitarias', 250, 0, 56, 5, 3, null, 'S/N', '2010-08-25', null ),
 ( 128, 25, 1, '5230202', 'Alimentación, taller fortalecimiento agrupaciones de mujeres comunitarias', 75, 0, 56, 5, 3, null, 'S/N', '2010-08-25', null ),
 ( 129, 26, 1, '5220201', 'Fotocopias, material didactico para talleres', 807, 0, 42, 7, 1, null, '114', '2010-09-10', null ),
 ( 130, 26, 1, '1130202', 'L.Ch.752, Cecilia Billatoro, Alimentación talleres y material didáctico', 0, 2212.25, null, null, null, null, null, null, null ),
 ( 131, 26, 1, '1130202', 'L.Ch.752, Cecilia Billatoro, Alimentación talleres y material didáctico', 1405.25, 0, null, null, null, null, null, null, null ),
 ( 132, 27, 1, '5240301', 'Combustible, varias actividades en las comunidades', 30, 0, 78, 14, 1, null, '28548', '2010-08-27', null ),
 ( 133, 27, 1, '1130202', 'L.Ch.807, Darvin Reyes,  combustible hilux y motos', 0, 2500, null, null, null, null, null, null, null ),
 ( 134, 27, 1, '1130202', 'L.Ch.807, Darvin Reyes,  combustible hilux y motos', 11, 0, null, null, null, null, null, null, null ),
 ( 135, 27, 1, '5240301', 'Combustible, varias actividades en las comunidades', 250, 0, 78, 14, 1, null, '28449', '2010-08-23', null ),
 ( 136, 27, 1, '5240301', 'Combustible, varias actividades en las comunidades', 300, 0, 78, 19, 1, null, '32888', '2010-08-24', null ),
 ( 137, 27, 1, '5240301', 'Combustible, varias actividades en las comunidades', 75, 0, 78, 20, 1, null, '85740', '2010-08-12', null ),
 ( 138, 27, 1, '5240301', 'Combustible, varias actividades en las comunidades', 50, 0, 78, 20, 1, null, '85768', '2010-08-13', null ),
 ( 139, 27, 1, '5240301', 'combustible, varias actividades en las comunidades', 58, 0, 78, 20, 1, null, '85717', '2010-08-11', null ),
 ( 140, 27, 1, '5240301', 'Combustible, varias actividades en las comunidades', 360, 0, 78, 19, 1, null, '32761', '2010-08-13', null ),
 ( 141, 27, 1, '5240301', 'Combustible, varias actividades en las comunidades', 375, 0, 78, 19, 1, null, '32725', '2010-08-09', null ),
 ( 142, 27, 1, '5240301', 'Combustible, varias actividades en las comunidades', 36, 0, 78, 19, 1, null, '32695', '2010-08-06', null ),
 ( 143, 27, 1, '5240301', 'Combustible, varias actividades en las comunidades', 35, 0, 78, 20, 1, null, '85836', '2010-08-17', null ),
 ( 144, 27, 1, '5240301', 'Combustible, varias actividades en las comunidades', 200, 0, 78, 21, 1, null, '3280', '2010-08-30', null ),
 ( 145, 27, 1, '5240301', 'Combustible, varias actividades en las comunidades', 35, 0, 78, 14, 1, null, '28653', '2010-09-01', null ),
 ( 146, 27, 1, '5240301', 'Combustible, varias actividades en las comunidades', 100, 0, 78, 22, 1, null, '17968', '2010-08-24', null ),
 ( 147, 27, 1, '5240301', 'Combustible, varias actividades en las comunidades', 115, 0, 78, 19, 1, null, '32898', '2010-08-25', null ),
 ( 148, 27, 1, '5240301', 'Combustible, varias actividades en las comunidades', 20, 0, 78, 20, 1, null, '85947', '2010-08-24', null ),
 ( 149, 27, 1, '5240301', 'Combustible, varias actividades en las comunidades', 450, 0, 78, 19, 1, null, '32819', '2010-08-18', null ),
 ( 150, 29, 1, '5220202', 'Fotocopias, documentación e identificación personal de mujeres', 10, 0, 23, 7, 1, null, '102', '2010-08-18', null ),
 ( 151, 29, 1, '1130202', 'L.Ch.804, Lidia Velasquez, Tramite de documentación', 0, 227, null, null, null, null, null, null, null ),
 ( 152, 29, 1, '5230204', 'Alimentación, documentación e identificación personal de mujeres', 45, 0, 23, 23, 1, null, '2526', '2010-08-18', null ),
 ( 153, 29, 1, '5220202', 'Apoyo economico, documentación e identificación personal de mujeres', 124, 0, 23, 5, 3, null, 'S/N', '2010-08-18', null ),
 ( 154, 29, 1, '5230204', 'Movilización, documentación e identificación personal de mujeres', 16, 0, 23, 5, 3, null, 'S/N', '2010-08-18', null ),
 ( 155, 29, 1, '5230204', 'Movilización, documentación e identificación personal de mujeres', 16, 0, 23, 5, 3, null, 'S/N', '2010-08-18', null ),
 ( 156, 29, 1, '5230204', 'Movilización, documentación e identificación personal de mujeres', 16, 0, 23, 5, 3, null, 'S/N', '2010-08-18', null ),
 ( 157, 30, 1, '5220209', 'Arbolitos pino, reforestación cien hectareas en areas identificadas en tres municipios', 30000, 0, 67, 16, 1, null, '29', '2010-08-25', null ),
 ( 158, 30, 1, '1130202', 'L.Ch.802, Monica Velasquez, reforestación con arboles de pino', 0, 30000, null, null, null, null, null, null, null ),
 ( 159, 31, 1, '5240301', 'Combustible, varias actividades en las comunidades', 25, 0, 78, 17, 1, null, '71449', '2010-08-09', null ),
 ( 160, 31, 1, '1130202', 'L.Ch.669, Pedro Raymundo, combustible para motos', 0, 52, null, null, null, null, null, null, null ),
 ( 161, 31, 1, '2110206', 'L.Ch.669, Pedro Raymundo, combustible para motos', 0, 40, null, null, null, null, null, null, null ),
 ( 162, 31, 1, '5240301', 'Combustible, varias actividades en las comunidades', 15, 0, 78, 17, 1, null, '71628', '2010-08-12', null ),
 ( 163, 31, 1, '5240301', 'Combustible, varias actividades en las comunidades', 20, 0, 78, 17, 1, null, '72463', '2010-08-25', null ),
 ( 164, 31, 1, '5240301', 'Combustible, varias actividades en las comunidades', 32, 0, 78, 24, 1, null, '17523', '2010-08-27', null ),
 ( 165, 32, 1, '1120207', 'Sueldo septiembre 2010', 0, 4038.87, null, null, null, null, null, null, null ),
 ( 166, 32, 1, '521010101', 'Sueldo septiembre 2010', 3750, 0, 5, null, null, null, null, null, null ),
 ( 167, 32, 1, '521010201', 'Sueldo septiembre 2010', 470, 0, 5, null, null, null, null, null, null ),
 ( 168, 32, 1, '2110204', 'Sueldo septiembre 2010', 0, 181.13, null, null, null, null, null, null, null ),
 ( 169, 33, 1, '1120207', 'Sueldo septiembre 2010', 0, 7915.96, null, null, null, null, null, null, null ),
 ( 170, 33, 1, '521010101', 'Sueldo septiembre 2010', 6260, 0, 3, null, null, null, null, null, null ),
 ( 171, 33, 1, '521010201', 'Sueldo septiembre 2010', 1740, 0, 3, null, null, null, null, null, null ),
 ( 172, 33, 1, '2110204', 'Sueldo septiembre 2010', 0, 84.04, null, null, null, null, null, null, null ),
 ( 173, 34, 1, '1120207', 'Sueldo septiembre 2010', 0, 7057.97, null, null, null, null, null, null, null ),
 ( 174, 34, 1, '521010101', 'Sueldo septiembre 2010', 6750, 0, 2, null, null, null, null, null, null ),
 ( 175, 34, 1, '521010201', 'Sueldo septiembre 2010', 634, 0, 2, null, null, null, null, null, null ),
 ( 176, 34, 1, '2110204', 'Sueldo septiembre 2010', 0, 326.03, null, null, null, null, null, null, null ),
 ( 177, 35, 1, '1120207', 'Sueldo septiembre 2010', 0, 4123.4, null, null, null, null, null, null, null ),
 ( 178, 35, 1, '521010103', 'Sueldo septiembre 2010', 2220, 0, 1, null, null, null, null, null, null ),
 ( 179, 35, 1, '521010203', 'Sueldo septiembre 2010', 2000, 0, 1, null, null, null, null, null, null ),
 ( 180, 35, 1, '2110204', 'Sueldo septiembre 2010', 0, 96.6, null, null, null, null, null, null, null ),
 ( 181, 36, 1, '1120207', 'Sueldo septiembre 2010', 0, 3915.96, null, null, null, null, null, null, null ),
 ( 182, 36, 1, '521010101', 'Sueldo septiembre 2010', 1740, 0, 2, null, null, null, null, null, null ),
 ( 183, 36, 1, '521010201', 'Sueldo septiembre 2010', 2260, 0, 2, null, null, null, null, null, null ),
 ( 184, 36, 1, '2110204', 'Sueldo septiembre 2010', 0, 84.04, null, null, null, null, null, null, null ),
 ( 185, 39, 1, '1120207', 'Sueldo septiembre 2010', 0, 50000, null, null, null, null, null, null, null ),
 ( 186, 39, 1, '521010102', 'Sueldo septiembre 2010', 30000, 0, 4, null, null, null, null, null, null ),
 ( 187, 39, 1, '521010201', 'Sueldo septiembre 2010', 20277.73, 0, 4, null, null, null, null, null, null ),
 ( 188, 39, 1, '2110204', 'Sueldo septiembre 2010', 0, 277.73, null, null, null, null, null, null, null ),
 ( 189, 40, 1, '1120207', 'Servicios septiembre 2010', 0, 3915.96, null, null, null, null, null, null, null ),
 ( 190, 40, 1, '521010101', 'Servicios septiembre 2010', 1740, 0, 2, null, null, null, null, null, null ),
 ( 191, 40, 1, '521010201', 'Servicios septiembre 2010', 2260, 0, 2, null, null, null, null, null, null ),
 ( 192, 40, 1, '2110204', 'Servicios septiembre 2010', 0, 84.04, null, null, null, null, null, null, null ),
 ( 193, 41, 1, '1120207', 'Sueldo septiembre 2010', 0, 7057.97, null, null, null, null, null, null, null ),
 ( 194, 41, 1, '521010101', 'Sueldo septiembre 2010', 6750, 0, 2, null, null, null, null, null, null ),
 ( 195, 41, 1, '521010201', 'Sueldo septiembre 2010', 634, 0, 2, null, null, null, null, null, null ),
 ( 196, 41, 1, '2110204', 'Sueldo septiembre 2010', 0, 326.03, null, null, null, null, null, null, null ),
 ( 197, 42, 1, '1120207', 'Sueldo septiembre 2010', 0, 5548.42, null, null, null, null, null, null, null ),
 ( 198, 42, 1, '521010101', 'Sueldo septiembre 2010', 5250, 0, 5, null, null, null, null, null, null ),
 ( 199, 42, 1, '521010201', 'Sueldo septiembre 2010', 552, 0, 5, null, null, null, null, null, null ),
 ( 200, 42, 1, '2110204', 'Sueldo septiembre 2010', 0, 253.58, null, null, null, null, null, null, null );
INSERT INTO `tbl_partida_detalle` ( ID, PARTIDA, CATALOGO, CUENTA, CONCEPTO, DEBE, HABER, MARCADOR, PROVEEDOR, TIPO_DOC, SERIE_DOC, NUMERO_DOC, FECHA_DOC, OBSERVACIONES ) VALUES
 ( 201, 43, 1, '1120207', 'Sueldo septiembre 2010', 0, 3032.17, null, null, null, null, null, null, null ),
 ( 202, 43, 1, '521010101', 'Sueldo septiembre 2010', 2750, 0, 5, null, null, null, null, null, null ),
 ( 203, 43, 1, '521010201', 'Sueldo septiembre 2010', 415, 0, 5, null, null, null, null, null, null ),
 ( 204, 43, 1, '2110204', 'Sueldo septiembre 2010', 0, 132.83, null, null, null, null, null, null, null ),
 ( 205, 44, 1, '1120207', 'Sueldo septiembre 2010', 0, 2780.25, null, null, null, null, null, null, null ),
 ( 206, 44, 1, '521010101', 'Sueldo septiembre 2010', 2500, 0, 10, null, null, null, null, null, null ),
 ( 207, 44, 1, '521010201', 'Sueldo septiembre 2010', 401, 0, 10, null, null, null, null, null, null ),
 ( 208, 44, 1, '2110204', 'Sueldo septiembre 2010', 0, 120.75, null, null, null, null, null, null, null ),
 ( 209, 45, 1, '1120207', 'Sueldo septiembre 2010', 0, 7915.96, null, null, null, null, null, null, null ),
 ( 210, 45, 1, '521010101', 'Sueldo septiembre 2010', 1740, 0, 2, null, null, null, null, null, null ),
 ( 211, 45, 1, '521010201', 'Sueldo septiembre 2010', 6260, 0, 2, null, null, null, null, null, null ),
 ( 212, 45, 1, '2110204', 'Sueldo septiembre 2010', 0, 84.04, null, null, null, null, null, null, null ),
 ( 213, 46, 1, '1120207', 'Sueldo septiembre 2010', 0, 9813.07, null, null, null, null, null, null, null ),
 ( 214, 46, 1, '521010101', 'Sueldo septiembre 2010', 9750, 0, null, null, null, null, null, null, null ),
 ( 215, 46, 1, '521010201', 'Sueldo septiembre 2010', 798, 0, null, null, null, null, null, null, null ),
 ( 216, 46, 1, '2110204', 'Sueldo septiembre 2010', 0, 470.93, null, null, null, null, null, null, null ),
 ( 217, 46, 1, '2110207', 'Sueldo septiembre 2010', 0, 264, null, null, null, null, null, null, null ),
 ( 218, 47, 1, '1120207', 'Sueldo septiembre 2010', 0, 2528.32, null, null, null, null, null, null, null ),
 ( 219, 47, 1, '521010101', 'Sueldo septiembre 2010', 2250, 0, 9, null, null, null, null, null, null ),
 ( 220, 47, 1, '521010201', 'Sueldo septiembre 2010', 387, 0, 9, null, null, null, null, null, null ),
 ( 221, 47, 1, '2110204', 'Sueldo septiembre 2010', 0, 108.68, null, null, null, null, null, null, null ),
 ( 222, 48, 1, '5220201', 'Fotocopias, material didáctico para talleres', 275, 0, 42, 7, 1, null, '118', '2010-09-17', null ),
 ( 223, 48, 1, '5230202', 'Alimentación, taller formación y sensibilización, integrantes de comisiones municipales y medio ambiente', 95, 0, 51, 5, 3, null, 'S/N', '2010-08-26', null ),
 ( 224, 48, 1, '1130202', 'L.Ch.842, Eduardo Pérez, material didáctico para talleres', 0, 500, null, null, null, null, null, null, null ),
 ( 225, 48, 1, '1130202', 'L.Ch.842, Eduardo Pérez, material didáctico para talleres', 6.5, 0, null, null, null, null, null, null, null ),
 ( 226, 48, 1, '5230202', 'Alimentación, taller formación y sensibilización, integrantes de comisiones municipales y medio ambiente', 95, 0, 51, 5, 3, null, 'S/N', '2010-08-26', null ),
 ( 227, 48, 1, '5230202', 'Alimentación, taller formación y sensibilización, integrantes de comisiones municipales y medio ambiente', 28.5, 0, 51, 5, 3, null, 'S/N', '2010-08-26', null ),
 ( 228, 49, 1, '5230207', 'Alimentación, reunión coordinación de actores locales claves, articularse y organizarse en las CONRED, municipales y comunitarias', 25, 0, 48, 5, 3, null, 'S/N', '2010-07-12', null ),
 ( 229, 49, 1, '1130202', 'L.Ch.762, Eudardo Perez, participantes talleres', 0, 477, null, null, null, null, null, null, null ),
 ( 230, 49, 1, '5230207', 'Alimentación, reunión coordinación de actores locales claves, articularse y organizarse en las CONRED, municipales y comunitarias', 12.5, 0, 48, 5, 3, null, 'S/N', '2010-07-12', null ),
 ( 231, 49, 1, '5230207', 'Alimentación, reunión coordinación de actores locales claves, articularse y organizarse en las CONRED, municipales y comunitarias', 27, 0, 48, 5, 3, null, 'S/N', '2010-07-15', null ),
 ( 232, 49, 1, '5230207', 'Alimentación, reunión coordinación de actores locales claves, articularse y organizarse en las CONRED, municipales y comunitarias', 60, 0, 48, 5, 3, null, 'S/N', '2010-07-22', null ),
 ( 233, 49, 1, '5230207', 'Alimentación, reunión coordinación de actores locales claves, articularse y organizarse en las CONRED, municipales y comunitarias', 25, 0, 48, 5, 3, null, 'S/N', '2010-07-16', null ),
 ( 234, 49, 1, '5230207', 'Alimenación, reunión coordinación de actores locales claves, articularse y organizarse en las CONRED, municipales y comunitarias', 12.5, 0, 48, 5, 3, null, 'S/N', '2010-07-16', null ),
 ( 235, 49, 1, '5230207', 'Alimentación, reunión coordinación de actores locales claves, articularse y organizarse en las CONRED, municipales y comunitarias', 150, 0, 48, 5, 3, null, 'S/N', '2010-08-16', null ),
 ( 236, 49, 1, '5230207', 'Alimentación, reunión coordinación de actores locales claves, articularse y organizarse en las CONRED, municipales y comunitarias', 150, 0, 48, 5, 3, null, 'S/N', '2010-08-16', null ),
 ( 237, 49, 1, '5230207', 'Alimentación, reunión coordinación de actore locales claves, articularse y organizarse en las CONRED, municipales y comunitarias', 15, 0, 48, 5, 3, null, 'S/N', '2010-08-16', null ),
 ( 238, 50, 1, '5230202', 'Alimentación, talleres formación y sensibilización, integrantes de comisiones municipales y medio ambiente', 50, 0, 51, 5, 3, null, 'S/N', '2010-08-16', null ),
 ( 239, 50, 1, '1130202', 'L.Ch.764, Eduardo Pérez, alimentación para talleres', 0, 150, null, null, null, null, null, null, null ),
 ( 240, 50, 1, '5230202', 'Alimentación, talleres formación y sensibilización, integrantes de comisiones municipales y medio ambiente', 50, 0, 51, 5, 3, null, 'S/N', '2010-08-16', null ),
 ( 241, 50, 1, '5230202', 'Alimentación, talleres formación y sensibilización, integrantes de comisiones municipales y medio ambiente', 50, 0, 51, 5, 3, null, 'S/N', '2010-08-16', null ),
 ( 242, 51, 1, '1130202', 'Renta oficina Barrillas Huehuetenango, octubre 2010', 2500, 0, null, null, null, null, null, null, null ),
 ( 243, 51, 1, '1120207', 'Renta oficina Barrillas Huehuetenango, octubre 2010', 0, 2500, null, null, null, null, null, null, null ),
 ( 244, 52, 1, '1120207', 'ANULADO, Ch. No. 828', 1500, 0, null, null, null, null, null, null, null ),
 ( 245, 52, 1, '1130202', 'ANULADO, Ch. No. 828', 0, 1500, null, null, null, null, null, null, null ),
 ( 246, 53, 1, '1120207', 'Reintegro Ch.No. 752, Cecilia Villatoro', 1405.75, 0, null, null, null, null, null, null, null ),
 ( 247, 53, 1, '1130202', 'Reintegro Ch.No. 752, Cecilia Villatoro', 0, 1405.75, null, null, null, null, null, null, null ),
 ( 248, 54, 1, '1120207', 'Reintegro Ch. 803, Lidia Velasquez', 2486, 0, null, null, null, null, null, null, null ),
 ( 249, 54, 1, '1130202', 'Reintegro Ch. 803, Lidia Velasquez', 0, 2486, null, null, null, null, null, null, null ),
 ( 250, 55, 1, '1120207', 'Reintegro Ch.No. 839, Lidia Velasquez', 4919.65, 0, null, null, null, null, null, null, null ),
 ( 251, 55, 1, '1130202', 'Reintegro Ch.No. 839, Lidia Velasquez', 0, 4919.65, null, null, null, null, null, null, null ),
 ( 252, 56, 1, '1120207', 'Reintegro Ch.No. 842, Monica Velasquez', 6.5, 0, null, null, null, null, null, null, null ),
 ( 253, 56, 1, '1130202', 'Reintegro Ch.No. 842, Monica Velasquez', 0, 6.5, null, null, null, null, null, null, null ),
 ( 254, 61, 1, '1120207', 'Reintegro Ch.No. 807, Tomas Miguel', 11, 0, null, null, null, null, null, null, null ),
 ( 255, 61, 1, '1130202', 'Reintegro Ch.No. 807, Tomas Miguel', 0, 11, null, null, null, null, null, null, null ),
 ( 256, 62, 1, '1120207', 'Sueldo septiembre 2010', 0, 4333.14, null, null, null, null, null, null, null ),
 ( 257, 62, 1, '521010102', 'Sueldo septiembre 2010', 4200, 0, 8, null, null, null, null, null, null ),
 ( 258, 62, 1, '521010202', 'Sueldo septiembre 2010', 336, 0, 8, null, null, null, null, null, null ),
 ( 259, 62, 1, '2110204', 'Sueldo septiembre 2010', 0, 202.86, null, null, null, null, null, null, null ),
 ( 260, 63, 1, '1120207', 'Prestaciones Laborales  período 01/05/2010 al 31/11/2010', 0, 4436.14, null, null, null, null, null, null, null ),
 ( 261, 63, 1, '521010201', 'Prestaciones Laborales  período 01/05/2010 al 31/11/2010', 5301.14, 0, 3, null, null, null, null, null, null ),
 ( 262, 63, 1, '1130201', 'Prestaciones Laborales  período 01/05/2010 al 31/11/2010', 0, 640, null, null, null, null, null, null, null ),
 ( 263, 63, 1, '1130201', 'Prestaciones Laborales  período 01/05/2010 al 31/11/2010', 0, 225, null, null, null, null, null, null, null ),
 ( 264, 64, 1, '1130202', 'Viáticos ocstubre 2010', 1000, 0, null, null, null, null, null, null, null ),
 ( 265, 64, 1, '1120207', 'Viáticos ocstubre 2010', 0, 1000, null, null, null, null, null, null, null ),
 ( 266, 65, 1, '1130202', 'Viáticos octubre 2010', 1500, 0, null, null, null, null, null, null, null ),
 ( 267, 65, 1, '1120207', 'Viáticos octubre 2010', 0, 1500, null, null, null, null, null, null, null ),
 ( 268, 66, 1, '1130202', 'Viáticos octubre 2010', 400, 0, null, null, null, null, null, null, null ),
 ( 269, 66, 1, '1120207', 'Viáticos octubre 2010', 0, 400, null, null, null, null, null, null, null ),
 ( 270, 67, 1, '1130202', 'Viáticos octubre 2010', 600, 0, null, null, null, null, null, null, null ),
 ( 271, 67, 1, '1120207', 'Viáticos octubre 2010', 0, 600, null, null, null, null, null, null, null ),
 ( 272, 68, 1, '1130202', 'Viáticos ocstubre 2010', 400, 0, null, null, null, null, null, null, null ),
 ( 273, 68, 1, '1120207', 'Viáticos ocstubre 2010', 0, 400, null, null, null, null, null, null, null ),
 ( 274, 69, 1, '1130202', 'Tintas y materiales oficina,luz, telefono e internet y servicio de limpieza, octubre 2010', 8400, 0, null, null, null, null, null, null, null ),
 ( 275, 69, 1, '1120207', 'Tintas y materiales oficina,luz, telefono e internet y servicio de limpieza, octubre 2010', 0, 8400, null, null, null, null, null, null, null ),
 ( 276, 70, 1, '1130202', 'Alimentación didáctico para taller septimbre', 950, 0, null, null, null, null, null, null, null ),
 ( 277, 70, 1, '1120207', 'Alimentación didáctico para taller septimbre', 0, 950, null, null, null, null, null, null, null ),
 ( 278, 71, 1, '1130202', 'Almacenamiento de plantas y equipo establecimiento de viveros', 850, 0, null, null, null, null, null, null, null ),
 ( 279, 71, 1, '1120207', 'Almacenamiento de plantas y equipo establecimiento de viveros', 0, 850, null, null, null, null, null, null, null ),
 ( 280, 72, 1, '1130202', 'Combustible octubre 2010', 200, 0, null, null, null, null, null, null, null ),
 ( 281, 72, 1, '1120207', 'Combustible octubre 2010', 0, 200, null, null, null, null, null, null, null ),
 ( 282, 73, 1, '1130202', 'Material didáctico y refacciones para taller en San Mateo del 18 al 30 octubre 2010 San Mateo Ixtatán', 5500, 0, null, null, null, null, null, null, null ),
 ( 283, 73, 1, '1120207', 'Material didáctico y refacciones para taller en San Mateo del 18 al 30 octubre 2010 San Mateo Ixtatán', 0, 5500, null, null, null, null, null, null, null ),
 ( 284, 74, 1, '1130202', 'Viáticos octubre 2010', 800, 0, null, null, null, null, null, null, null ),
 ( 285, 74, 1, '1120207', 'Viáticos octubre 2010', 0, 800, null, null, null, null, null, null, null ),
 ( 286, 75, 1, '1130202', 'Viáticos octubre 2010', 600, 0, null, null, null, null, null, null, null ),
 ( 287, 75, 1, '1120207', 'Viáticos octubre 2010', 0, 600, null, null, null, null, null, null, null ),
 ( 288, 77, 1, '1120207', 'Mantenimiento de vehículo pick Up Toyota Hilux, placa P-096 DSB proyecto', 0, 3258.29, null, null, null, null, null, null, null ),
 ( 289, 77, 1, '5240301', 'Mantenimiento de vehículo pick Up Toyota Hilux, placa P-096 DSB proyecto', 3258.29, 0, 31, 25, 1, null, '2757', '2010-09-01', null ),
 ( 290, 78, 1, '1130202', 'Viáticos octubre 2010', 1000, 0, null, null, null, null, null, null, null ),
 ( 291, 78, 1, '1120207', 'Viáticos octubre 2010', 0, 1000, null, null, null, null, null, null, null ),
 ( 292, 79, 1, '1120207', 'IGSS septiembre 2010', 0, 9092.38, null, null, null, null, null, null, null ),
 ( 293, 79, 1, '521010501', 'IGSS septiembre 2010', 400.13, 0, 5, null, null, null, null, null, null ),
 ( 294, 79, 1, '521010501', 'IGSS septiembre 2010', 185.66, 0, 3, null, null, null, null, null, null ),
 ( 295, 79, 1, '521010501', 'IGSS septiembre 2010', 720.23, 0, 2, null, null, null, null, null, null ),
 ( 296, 79, 1, '521010503', 'IGSS septiembre 2010', 213.4, 0, 1, null, null, null, null, null, null ),
 ( 297, 79, 1, '521010501', 'IGSS septiembre 2010', 185.66, 0, 2, null, null, null, null, null, null ),
 ( 298, 79, 1, '521010502', 'IGSS septiembre 2010', 448.14, 0, 8, null, null, null, null, null, null ),
 ( 299, 79, 1, '521010501', 'IGSS septiembre 2010', 613.53, 0, 4, null, null, null, null, null, null ),
 ( 300, 79, 1, '521010501', 'IGSS septiembre 2010', 185.66, 0, 2, null, null, null, null, null, null );
INSERT INTO `tbl_partida_detalle` ( ID, PARTIDA, CATALOGO, CUENTA, CONCEPTO, DEBE, HABER, MARCADOR, PROVEEDOR, TIPO_DOC, SERIE_DOC, NUMERO_DOC, FECHA_DOC, OBSERVACIONES ) VALUES
 ( 301, 79, 1, '521010501', 'IGSS septiembre 2010', 720.23, 0, 2, null, null, null, null, null, null ),
 ( 302, 79, 1, '521010501', 'IGSS septiembre 2010', 560.18, 0, 5, null, null, null, null, null, null ),
 ( 303, 79, 1, '521010501', 'IGSS septiembre 2010', 293.43, 0, 5, null, null, null, null, null, null ),
 ( 304, 79, 1, '521010501', 'IGSS septiembre 2010', 266.75, 0, 10, null, null, null, null, null, null ),
 ( 305, 79, 1, '521010501', 'IGSS septiembre 2010', 185.66, 0, 2, null, null, null, null, null, null ),
 ( 306, 79, 1, '521010501', 'IGSS septiembre 2010', 240.08, 0, 9, null, null, null, null, null, null ),
 ( 307, 79, 1, '2110204', 'IGSS septiembre 2010', 2833.31, 0, null, null, null, null, null, null, null ),
 ( 308, 79, 1, '521010501', 'IGSS septiembre 2010', 1040.33, 0, null, null, null, null, null, null, null ),
 ( 309, 80, 1, '1120207', 'Cuenta x pagar septiembre 2010', 0, 264, null, null, null, null, null, null, null ),
 ( 310, 80, 1, '2110207', 'Cuenta x pagar septiembre 2010', 264, 0, null, null, null, null, null, null, null ),
 ( 311, 81, 1, '1120207', 'Mantenimiento moto pinxhazo de llantas', 0, 265, null, null, null, null, null, null, null ),
 ( 312, 81, 1, '5220106', 'Mantenimiento moto pinxhazo de llantas', 265, 0, 32, null, null, null, null, null, null ),
 ( 313, 82, 1, '1120207', 'Alimentación y transporte, taller formación y sensibilización a integrantes de comisiones comunitarios', 0, 1496, null, null, null, null, null, null, null ),
 ( 314, 82, 1, '5230202', 'Alimentación y transporte, taller formación y sensibilización a integrantes de comisiones comunitarios', 1496, 0, 57, null, null, null, null, null, null ),
 ( 315, 83, 1, '1120207', 'Intereses Septiembre 2010', 1117.76, 0, null, null, null, null, null, null, null ),
 ( 316, 83, 1, '4120301', 'Intereses Septiembre 2010', 0, 1117.76, null, null, null, null, null, null, null );

DROP TABLE IF EXISTS `tbl_periodo` CASCADE;

CREATE TABLE `tbl_periodo` (
  `id` int(11) NOT NULL AUTO_INCREMENT,
  `nombre` varchar(45) NOT NULL,
  `inicio` date NOT NULL,
  `fin` date NOT NULL,
  `ejercicio` varchar(10) NOT NULL,
  PRIMARY KEY (`id`)
) ENGINE=InnoDB AUTO_INCREMENT=73 DEFAULT CHARSET=utf8;

INSERT INTO `tbl_periodo` ( ID, NOMBRE, INICIO, FIN, EJERCICIO ) VALUES
 ( 1, 'Enero/2010', '2010-01-01', '2010-01-31', '2010' ),
 ( 2, 'Febrero/2010', '2010-02-01', '2010-02-28', '2010' ),
 ( 3, 'Marzo/2010', '2010-03-01', '2010-03-31', '2010' ),
 ( 4, 'Abril/2010', '2010-04-01', '2010-04-30', '2010' ),
 ( 5, 'Mayo/2010', '2010-05-01', '2010-05-31', '2010' ),
 ( 6, 'Junio/2010', '2010-06-01', '2010-06-30', '2010' ),
 ( 7, 'Julio/2010', '2010-07-01', '2010-07-31', '2010' ),
 ( 8, 'Agosto/2010', '2010-08-01', '2010-08-31', '2010' ),
 ( 9, 'Septiembre/2010', '2010-09-01', '2010-09-30', '2010' ),
 ( 10, 'Octubre/2010', '2010-10-01', '2010-10-31', '2010' ),
 ( 11, 'Noviembre/2010', '2010-11-01', '2010-11-30', '2010' ),
 ( 12, 'Diciembre/2010', '2010-12-01', '2010-12-31', '2010' ),
 ( 13, 'Enero/2011', '2011-01-01', '2011-01-31', '2011' ),
 ( 14, 'Febrero/2011', '2011-02-01', '2011-02-28', '2011' ),
 ( 15, 'Marzo/2011', '2011-03-01', '2011-03-31', '2011' ),
 ( 16, 'Abril/2011', '2011-04-01', '2011-04-30', '2011' ),
 ( 17, 'Mayo/2011', '2011-05-01', '2011-05-31', '2011' ),
 ( 18, 'Junio/2011', '2011-06-01', '2011-06-30', '2011' ),
 ( 19, 'Julio/2011', '2011-07-01', '2011-07-31', '2011' ),
 ( 20, 'Agosto/2011', '2011-08-01', '2011-08-31', '2011' ),
 ( 21, 'Septiembre/2011', '2011-09-01', '2011-09-30', '2011' ),
 ( 22, 'Octubre/2011', '2011-10-01', '2011-10-31', '2011' ),
 ( 23, 'Noviembre/2011', '2011-11-01', '2011-11-30', '2011' ),
 ( 24, 'Diciembre/2011', '2011-12-01', '2011-12-31', '2011' ),
 ( 25, 'Enero/2012', '2012-01-01', '2012-01-31', '2012' ),
 ( 26, 'Febrero/2012', '2012-02-01', '2012-02-29', '2012' ),
 ( 27, 'Marzo/2012', '2012-03-01', '2012-03-31', '2012' ),
 ( 28, 'Abril/2012', '2012-04-01', '2012-04-30', '2012' ),
 ( 29, 'Mayo/2012', '2012-05-01', '2012-05-31', '2012' ),
 ( 30, 'Junio/2012', '2012-06-01', '2012-06-30', '2012' ),
 ( 31, 'Julio/2012', '2012-07-01', '2012-07-31', '2012' ),
 ( 32, 'Agosto/2012', '2012-08-01', '2012-08-31', '2012' ),
 ( 33, 'Septiembre/2012', '2012-09-01', '2012-09-30', '2012' ),
 ( 34, 'Octubre/2012', '2012-10-01', '2012-10-31', '2012' ),
 ( 35, 'Noviembre/2012', '2012-11-01', '2012-11-30', '2012' ),
 ( 36, 'Diciembre/2012', '2012-12-01', '2012-12-31', '2012' ),
 ( 37, 'Enero/2013', '2013-01-01', '2013-01-31', '2013' ),
 ( 38, 'Febrero/2013', '2013-02-01', '2013-02-28', '2013' ),
 ( 39, 'Marzo/2013', '2013-03-01', '2013-03-31', '2013' ),
 ( 40, 'Abril/2013', '2013-04-01', '2013-04-30', '2013' ),
 ( 41, 'Mayo/2013', '2013-05-01', '2013-05-31', '2013' ),
 ( 42, 'Junio/2013', '2013-06-01', '2013-06-30', '2013' ),
 ( 43, 'Julio/2013', '2013-07-01', '2013-07-31', '2013' ),
 ( 44, 'Agosto/2013', '2013-08-01', '2013-08-31', '2013' ),
 ( 45, 'Septiembre/2013', '2013-09-01', '2013-09-30', '2013' ),
 ( 46, 'Octubre/2013', '2013-10-01', '2013-10-31', '2013' ),
 ( 47, 'Noviembre/2013', '2013-11-01', '2013-11-30', '2013' ),
 ( 48, 'Diciembre/2013', '2013-12-01', '2013-12-31', '2013' ),
 ( 49, 'Enero/2014', '2014-01-01', '2014-01-31', '2014' ),
 ( 50, 'Febrero/2014', '2014-02-01', '2014-02-28', '2014' ),
 ( 51, 'Marzo/2014', '2014-03-01', '2014-03-31', '2014' ),
 ( 52, 'Abril/2014', '2014-04-01', '2014-04-30', '2014' ),
 ( 53, 'Mayo/2014', '2014-05-01', '2014-05-31', '2014' ),
 ( 54, 'Junio/2014', '2014-06-01', '2014-06-30', '2014' ),
 ( 55, 'Julio/2014', '2014-07-01', '2014-07-31', '2014' ),
 ( 56, 'Agosto/2014', '2014-08-01', '2014-08-31', '2014' ),
 ( 57, 'Septiembre/2014', '2014-09-01', '2014-09-30', '2014' ),
 ( 58, 'Octubre/2014', '2014-10-01', '2014-10-31', '2014' ),
 ( 59, 'Noviembre/2014', '2014-11-01', '2014-11-30', '2014' ),
 ( 60, 'Diciembre/2014', '2014-12-01', '2014-12-31', '2014' ),
 ( 61, 'Enero/2015', '2015-01-01', '2015-01-31', '2015' ),
 ( 62, 'Febrero/2015', '2015-02-01', '2015-02-28', '2015' ),
 ( 63, 'Marzo/2015', '2015-03-01', '2015-03-31', '2015' ),
 ( 64, 'Abril/2015', '2015-04-01', '2015-04-30', '2015' ),
 ( 65, 'Mayo/2015', '2015-05-01', '2015-05-31', '2015' ),
 ( 66, 'Junio/2015', '2015-06-01', '2015-06-30', '2015' ),
 ( 67, 'Julio/2015', '2015-07-01', '2015-07-31', '2015' ),
 ( 68, 'Agosto/2015', '2015-08-01', '2015-08-31', '2015' ),
 ( 69, 'Septiembre/2015', '2015-09-01', '2015-09-30', '2015' ),
 ( 70, 'Octubre/2015', '2015-10-01', '2015-10-31', '2015' ),
 ( 71, 'Noviembre/2015', '2015-11-01', '2015-11-30', '2015' ),
 ( 72, 'Diciembre/2015', '2015-12-01', '2015-12-31', '2015' );

DROP TABLE IF EXISTS `tbl_proveedor` CASCADE;

CREATE TABLE `tbl_proveedor` (
  `id` int(11) NOT NULL AUTO_INCREMENT,
  `nombre` tinytext NOT NULL,
  `NIT` varchar(16) DEFAULT NULL,
  PRIMARY KEY (`id`)
) ENGINE=InnoDB AUTO_INCREMENT=320 DEFAULT CHARSET=utf8;

INSERT INTO `tbl_proveedor` ( ID, NOMBRE, NIT ) VALUES
 ( 1, 'Libreria Fatima', '57652-2' ),
 ( 2, 'Servicios para el Desarrollo', null ),
 ( 3, 'Andres Molina Asesorias Educativas A. C.', null ),
 ( 4, 'Edwin Iván Norato', null ),
 ( 5, 'Fundación Guillermo Toriello', null ),
 ( 6, 'Norma Elizabet Martinez', null ),
 ( 7, 'Copicentro Chabeli', null ),
 ( 8, 'Librería y Papelería Salém', null ),
 ( 9, 'Yarly Pérez Matias', null ),
 ( 10, 'Loren López', null ),
 ( 11, 'Farmacia y Comercial Jolonconob', null ),
 ( 12, 'Virgilio Salvador', null ),
 ( 13, 'Mateo de León', null ),
 ( 14, 'Gasolinera Belén', null ),
 ( 15, 'Lucia Juan Pedro', null ),
 ( 16, 'Arboles y Semillas Forestales el Cipres', null ),
 ( 17, 'Estación de Servicios Sol  Naciente', null ),
 ( 18, 'Nohemi Maribel Martinez', null ),
 ( 19, 'Gasolinera Santa Clara Flor Quetzaleña', null ),
 ( 20, 'Estación de Servicios el Manantial', null ),
 ( 21, 'Gasolinera Santa Teresa', null ),
 ( 22, 'Estación de Servicio Cantabal', null ),
 ( 23, 'Restaurante Nancy Mariana', null ),
 ( 24, 'Gasolinera y Estación de Servicios el Amigo', null ),
 ( 25, 'AUTOSERVICIO COFAL, S.A.', '103556-8' ),
 ( 26, 'Operadora del Centro Historico', '4406524-8' ),
 ( 27, 'Restaurant y Cevicheria VILLA CAFE\"\"', '19541074' ),
 ( 28, 'LIBRERIA VASQUEZ', '38783851' ),
 ( 29, 'TecniCentro y Libreria La Selva', '44053312' ),
 ( 30, 'Carmen Patricia Reyes', null ),
 ( 31, 'Mateo Silvestre Valdes', null ),
 ( 32, 'Distribuidora de Electricidad de Occidente S. A.', null ),
 ( 33, 'Julio Francisco', null ),
 ( 34, 'Transporte Empaque y Almacenaje S. A.', null ),
 ( 35, 'Refrescos Gaseosas el Siglo', null ),
 ( 36, 'Super Tienda Marta Maria', null ),
 ( 37, 'Sistemas de Computación', null ),
 ( 38, 'Libreria y Papeleria Yuma', null ),
 ( 39, 'Libreria y Vidrieria Keimart', null ),
 ( 40, 'Farmacia y Comercial la Marquensita', null ),
 ( 41, 'Libreria y Papeleria Señor de Esquipulas', null ),
 ( 42, 'Venta de Comida los Tres Hermanitos', null ),
 ( 43, 'Estación de Servicios las Casas S. A.', null ),
 ( 44, 'Cafeteria y Taqueria los Picones al Chaz Chaz', null ),
 ( 45, 'Comedor Rosy', null ),
 ( 46, 'Computación Integral', null ),
 ( 47, 'Punto Digital', null ),
 ( 48, 'Transportes de Carga San Pablo', null ),
 ( 49, 'Su Farmacia', null ),
 ( 50, 'Evelin Molina', null ),
 ( 51, 'Comedor Eduardito', null ),
 ( 52, 'Comedor Chiantlequita Numero 1', null ),
 ( 53, 'Comedor Chinita', null ),
 ( 54, 'Restaurant y Transportes el Resbalón', null ),
 ( 55, 'Tienda Maria Jose', null ),
 ( 56, 'Mercedes Juares Funes', null ),
 ( 57, 'Telecomunicaciones de Guatemala S. A.', null ),
 ( 58, 'Asociación Barillense de Agricultores', null ),
 ( 59, 'Tienda Popular', null ),
 ( 60, 'Super Tienda Calimax', null ),
 ( 61, 'Tienda Chuimekena', null ),
 ( 62, 'Ferreteria Santa Cruz', null ),
 ( 63, 'Hotel Casa Blanca', null ),
 ( 64, 'Rapicomidas Ednita', null ),
 ( 65, 'Hotel Posada San José', null ),
 ( 66, 'Hotel Posada la Bendición', null ),
 ( 67, 'Distribuidora el Quetzal', null ),
 ( 68, 'Hotel Magdalena', null ),
 ( 69, 'Estación Texaco Cuevas', null ),
 ( 70, 'Estación de Servicios Shell Don Jose', null ),
 ( 71, 'Servicentro Esso las Vegas', null ),
 ( 72, 'Gasolinera Tres Estrellas', null ),
 ( 73, 'Gasolinera Ixtateca', null ),
 ( 74, 'Gasolinera del Norte', null ),
 ( 75, 'Servidelsa I', null ),
 ( 76, 'Gasolinera Cantabal', null ),
 ( 77, 'Edwin Ivan Norato Garcia', null ),
 ( 78, 'La Fonda de la Inhat', null ),
 ( 79, 'Comedor Yesenia', null ),
 ( 80, 'Comercial San Antonio', null ),
 ( 81, 'Eduardo Perez', null ),
 ( 82, 'Manualidades La Bendición', null ),
 ( 83, 'Evelin Yndira Molina Ramirez', null ),
 ( 84, 'Tomas Miguel', null ),
 ( 85, 'Loren Lopez Serrano', null ),
 ( 86, 'Restaurante El Hangar', null ),
 ( 87, 'Comedor La Parrillada', null ),
 ( 88, 'Restaurante y Mariscos Long Beach', null ),
 ( 89, 'Baldemar Reyes', null ),
 ( 90, 'Pizzería y Restaurante La Fonda de Don Juan', null ),
 ( 91, 'Pollo Campero, S.A.', null ),
 ( 92, 'Hotel y Restaurante Del Bosque', null ),
 ( 93, 'Comedor los Cuchumatanes', null ),
 ( 94, 'Comedor Geminis', null ),
 ( 95, 'Comedor y Cafetería Ody', null ),
 ( 96, 'Restaurant y Cevicheria La Cañada', null ),
 ( 97, 'Mateo Alonzo', null ),
 ( 98, 'Restaurante el Café', null ),
 ( 99, 'Hotel El Portal', null ),
 ( 100, 'Blanca Anzueto', null );
INSERT INTO `tbl_proveedor` ( ID, NOMBRE, NIT ) VALUES
 ( 101, 'La Casa del Caldo', null ),
 ( 102, 'Hotel Zaculeu', null ),
 ( 103, 'Wilfredo Arrivillaga', null ),
 ( 104, 'Benito Pinula', null ),
 ( 105, 'Juana Roz Diego', null ),
 ( 106, 'Radio Sembrador', null ),
 ( 107, 'Almuerzo, dietas para personal para la acción', '6020911-9' ),
 ( 108, 'Desayuno , dietas para personal para la acción', '424654-3' ),
 ( 109, 'Glendy Cutzal Cavajay', null ),
 ( 110, 'Nicolas Pedro Francisco', null ),
 ( 111, 'Gaspar Gaspar Pérez', null ),
 ( 112, 'Impresiones Castañeda', null ),
 ( 113, 'Ciberplanet', null ),
 ( 114, 'Union Fenosa', null ),
 ( 115, 'Telecomunicaciones de Guatemala', null ),
 ( 116, 'Tecnomarket.Com', null ),
 ( 117, 'Operadora de Tiendas, S.A.', null ),
 ( 118, 'Kaffa de Guatemala', null ),
 ( 119, 'Gilberto Francisco', null ),
 ( 120, 'Cyvernet', null ),
 ( 121, 'Innovaciones tecnologicas', null ),
 ( 122, 'Comercial la Surtidora', null ),
 ( 123, 'Idustrias de la Fuentes', null ),
 ( 124, 'Libreríra y papelería Salem', null ),
 ( 125, 'Cerrageria  y marmoleria Luz Maria', null ),
 ( 126, 'Servicio San Rafael', null ),
 ( 127, 'Gasolinera Wachuna', null ),
 ( 128, 'Estación de Servicio El Manantial', null ),
 ( 129, 'Formula Uno Salcaja', null ),
 ( 130, 'Gasolinera y Estación de Sevicio El Amigo', null ),
 ( 131, 'Estación de Servicios Monja Blanca', null ),
 ( 132, 'Juan Tomas Pérez', null ),
 ( 133, 'Restaurante y Marisco Long Beach', null ),
 ( 134, 'Restaurante Don Gato', null ),
 ( 135, 'Lucky House Gallery', null ),
 ( 136, 'Unopetrol, S.A.', null ),
 ( 137, 'Gasolinera La Sanarateca', null ),
 ( 138, 'Baltazar Gaspar', null ),
 ( 139, 'Restaurante Hong Kong', null ),
 ( 140, 'Hotel Flor de Liz', null ),
 ( 141, 'Restaurante Toy Stori', null ),
 ( 142, 'Hotel y Restaurante Oro Verde', null ),
 ( 143, 'Jardin Restaurante Cafe', null ),
 ( 144, 'Diocesis de Huehuetenango', null ),
 ( 145, 'Darvin Reyes', null ),
 ( 146, 'Cafe & Market Blanqui', null ),
 ( 147, 'RestauranteSammy', null ),
 ( 148, 'Baltazar Marcos', null ),
 ( 149, 'Mateo Silvestre Baldez', null ),
 ( 150, 'Mateo Diego Francisco', null ),
 ( 151, 'Taller de Motos S. L.', null ),
 ( 152, 'Motocentro Huehueteco', null ),
 ( 153, 'Maria Sebastián', null ),
 ( 154, 'Gasolinera Los Pinos Comaksa', null ),
 ( 155, 'Gasolinera Corona Roja', null ),
 ( 156, 'Gasolinera y Estación de Servicio El Amigo', null ),
 ( 157, 'Estación Shell Modelo', null ),
 ( 158, 'Baltazar Silvestre', null ),
 ( 159, 'Isabela Martin Diego', null ),
 ( 160, 'Transportes y Servillantas El Porvenir', null ),
 ( 161, 'Estación de Servicio Las Casas, S.A.', null ),
 ( 162, 'Estación de Servicio Sol Naciente', null ),
 ( 163, 'El Super', null ),
 ( 164, 'Comercial Oasis', null ),
 ( 165, 'Industrias de la Fuente', null ),
 ( 166, 'Cybernet', null ),
 ( 167, 'Diego Francisco', null ),
 ( 168, 'Asociación Barinllense de Agricultores', null ),
 ( 169, 'Royal Park Hotel', null ),
 ( 170, 'Movesa Sucursal', null ),
 ( 171, 'Glendy Cutzal Chavajay', null ),
 ( 172, 'La Fonda de don Omar', null ),
 ( 173, 'Transportes Sosa Lopez S. A.', null ),
 ( 174, 'Alimentos y Servicios la Amistad S. A.', null ),
 ( 175, 'La Masión del Taco', null ),
 ( 176, 'Mateo Alonzo Pascual', null ),
 ( 177, 'Comidas IL Centro', null ),
 ( 178, 'Hotel y Restaurante Octaba Real', null ),
 ( 179, 'Pollo Express', null ),
 ( 180, 'Restaurant y Transpores el Resbalón', null ),
 ( 181, 'Restaurante el Zapote', null ),
 ( 182, 'Comer Gemenis', null ),
 ( 183, 'Multiservicios Agroindustriales', null ),
 ( 184, 'Gasolinera Alonzo Ixtatan', null ),
 ( 185, 'Evelin Molina Ramirez', null ),
 ( 186, 'Jama', '717898-0' ),
 ( 187, 'Motocentro Huehuetenango', null ),
 ( 188, 'Cooperativa Integral de Consumo La Misión R. L.', null ),
 ( 189, 'Techno Auto', null ),
 ( 190, 'Distribuidora Loren', null ),
 ( 191, 'Comercial el Centro', null ),
 ( 192, 'Mario Aurelio Gonzales', null ),
 ( 193, 'Diego Simón Gaspar', null ),
 ( 194, 'Julio Alberto López', null ),
 ( 195, 'Distribuidora Comercial San Francisco', null ),
 ( 196, 'Estación de Servicios el Mantial', null ),
 ( 197, 'Café Beraca de Guatemala', null ),
 ( 198, 'Farmacias de la Comunidad S. A.', null ),
 ( 199, 'Mercedes Narez Funes', null ),
 ( 200, 'Estación Cinco Estrellas', null );
INSERT INTO `tbl_proveedor` ( ID, NOMBRE, NIT ) VALUES
 ( 201, 'Gasolinera Barillense', null ),
 ( 202, 'Corporación santa Margarita', null ),
 ( 203, 'Oliverio Us Tiño', null ),
 ( 204, 'Juan Carmelo', null ),
 ( 205, 'Marcela Juarez', null ),
 ( 206, 'Marta Alicia Veliz', null ),
 ( 207, 'Cecilia Tiño Tomás', null ),
 ( 208, 'Juliana Tun', null ),
 ( 209, 'Juana Marcela López', null ),
 ( 210, 'Libreria Enacoré', null ),
 ( 211, 'Tienda San Gabriel', null ),
 ( 212, 'Megadigital', null ),
 ( 213, 'Birei Farmacia', null ),
 ( 214, 'Restaurante y Cafeteria Familiar', null ),
 ( 215, 'Visión Digital', null ),
 ( 216, 'Juana Jorge Marcos', null ),
 ( 217, 'Francisco de Francisco Gaspar', null ),
 ( 218, 'Sabrina Alvarado', null ),
 ( 219, 'Loren Viviana López Serrano', null ),
 ( 220, 'Casa Brava', null ),
 ( 221, 'Motoventas Merco', '3498290-6' ),
 ( 222, 'Pedro Hernandez León', null ),
 ( 223, 'Santos Castro Hernandez', null ),
 ( 224, 'Pedro Hernadez', null ),
 ( 225, 'Alfredo Garcia', null ),
 ( 226, 'Comedor Luky', null ),
 ( 227, 'Hotel Fran-Pab', null ),
 ( 228, 'Hotel Maya Morales', null ),
 ( 229, 'Nuevo Hotel la Sexta', null ),
 ( 230, 'Modatelas', null ),
 ( 231, 'Ferreteria el Globo S. A.', null ),
 ( 232, 'Copicentro Excel', null ),
 ( 233, 'Ferreteria San Pedro', null ),
 ( 234, 'Libreria y Papeleria Adonis', null ),
 ( 235, 'Libreria y Papeleria Progreso S. A.', null ),
 ( 236, 'Unisuper S. A.', null ),
 ( 237, 'Distribuidora J.P. Matta', null ),
 ( 238, 'Ocelot Teatro', null ),
 ( 239, 'Estereo San Pedro', null ),
 ( 240, 'Cooperativa Integral de Producción Casa Barillense de las Mujere', null ),
 ( 241, 'Hotel Quetzal', null ),
 ( 242, 'Angelina Tomás', null ),
 ( 243, 'Aria Hernandez', null ),
 ( 244, 'Velman Orozco', null ),
 ( 245, 'Mercedes Funez', null ),
 ( 246, 'Pascual Baltazar', null ),
 ( 247, 'Distribuidora Hermes Internacional S. A.', null ),
 ( 248, 'Cooperativa Integral del Consumo la Misión R. L.', null ),
 ( 249, 'Cifuentes', null ),
 ( 250, 'Ardavin Studio', null ),
 ( 251, 'Maria Luisa Domingo', null ),
 ( 252, 'Catarina Pérez Felipe', null ),
 ( 253, 'Bernabé Francisco Bernabé', null ),
 ( 254, 'Herman Haroldo Escobar Pérez', null ),
 ( 255, 'Mat Bernabé', null ),
 ( 256, 'Miguel Alonzo Garcia', null ),
 ( 257, 'Angelina Pedro', null ),
 ( 258, 'Hotel yRestaurante España No 2', null ),
 ( 259, 'Cafeteria y Taqueria los Picones al Cahz Chaz', null ),
 ( 260, 'Servicentro del Norte S. A.', null ),
 ( 261, 'Tienda y Comedor Amparito', null ),
 ( 262, 'Pasteleria y Café los Girasoles', null ),
 ( 263, 'Sehibolet Café Restaurante', null ),
 ( 264, 'Estereo Ixtatan', null ),
 ( 265, 'Radio Sembrador 90.7 FM', null ),
 ( 266, 'Tomas Pablo', null ),
 ( 267, 'Unopetrol Guatemala S. A.', null ),
 ( 268, 'Gasolinera San Cristobal', null ),
 ( 269, 'Reataurante Valle del Encanto', null ),
 ( 270, 'Buffet y Restaurante Hong Kong', null ),
 ( 271, 'Juana Ramirez', null ),
 ( 272, 'Sabina Alvarado', null ),
 ( 273, 'Lucia Mateo', null ),
 ( 274, 'Restaurante Valle del Encanto', null ),
 ( 275, 'Restaurante el Hamgar', null ),
 ( 276, 'Moto Servicios Byrem', null ),
 ( 277, 'Sebastian Mateo Felipe', null ),
 ( 278, 'Antonio Gómez Ramos', null ),
 ( 279, 'Taller y Fricciones Yeysson', null ),
 ( 280, 'Imprenta, Libreria y Serigrafia Josmap', null ),
 ( 281, 'Andres Gomez Lucas', null ),
 ( 282, 'American Best Melamine S. H', '3580838-1' ),
 ( 283, 'Sabina Luz Alvarado', null ),
 ( 284, 'Diego Gómez Ramos', null ),
 ( 285, 'Mocentro Huehueteco', null ),
 ( 286, 'Autoservicios Cofal', '103556-8' ),
 ( 287, 'Asociación Luciernaga Guatemala, ONG', '3808071-0' ),
 ( 288, 'Juan Pérez Hernández', null ),
 ( 289, 'Restaurante Balle del Encanto', null ),
 ( 290, 'Hotel España', null ),
 ( 291, 'Gasolinera Iximche', null ),
 ( 292, 'Super Estación Campo Alegre', null ),
 ( 293, 'Sonia Luissa Ojer', null ),
 ( 294, 'Diego Carmelo Alonzo', null ),
 ( 295, 'Celeciano Itzep', null ),
 ( 296, 'Maria Asunción Silvestre', null ),
 ( 297, 'Comedor y Cafeteria Melany', null ),
 ( 298, 'Comedor la Cuchilla', null ),
 ( 299, 'El Paradero del Eden Restaurante', null ),
 ( 300, 'Café & Market', null );
INSERT INTO `tbl_proveedor` ( ID, NOMBRE, NIT ) VALUES
 ( 301, 'Inter Comedor y Ventas Naturismos', null ),
 ( 302, 'Servicios Alimenticios Sabrosos Salsa', null ),
 ( 303, 'Hotel Spring Primavera', null ),
 ( 304, 'Cafeteria Piolin', null ),
 ( 305, 'Delicias Jerusalem', null ),
 ( 306, 'Restaurante Tomy', null ),
 ( 307, 'Hotel Don Chico', null ),
 ( 308, 'Café y Restaurante A Q AB AL', null ),
 ( 309, 'Gabriel Figueroa Gómez', null ),
 ( 310, 'V.S.R. de Guatemala S. A.', null ),
 ( 311, 'Café Casa de los Nazarenos', null ),
 ( 312, 'Libreria y Papeleria Progreso Cinco S. A.', null ),
 ( 313, 'La Libelula', null ),
 ( 314, 'Raúl Ramirez Anderson', null ),
 ( 315, 'Carmen Reyes', null ),
 ( 316, 'Cooperativa Integral de Consumo la Mansión R.L', null ),
 ( 317, 'Asociación de Educación y Asistencia Sociales', null ),
 ( 318, 'Intelaf S. A.', null ),
 ( 319, 'Gasolinera Cuchumatanes', null );

DROP TABLE IF EXISTS `tbl_tipo_documento` CASCADE;

CREATE TABLE `tbl_tipo_documento` (
  `id` int(11) NOT NULL AUTO_INCREMENT,
  `nombre` tinytext NOT NULL,
  PRIMARY KEY (`id`)
) ENGINE=InnoDB AUTO_INCREMENT=6 DEFAULT CHARSET=utf8;

INSERT INTO `tbl_tipo_documento` ( ID, NOMBRE ) VALUES
 ( 1, 'Factura' ),
 ( 2, 'Recibo' ),
 ( 3, 'Planilla' ),
 ( 4, 'Fact-' ),
 ( 5, 'Ferreteria Santa Cruz' );

DROP TABLE IF EXISTS `tbl_tipo_partida` CASCADE;

CREATE TABLE `tbl_tipo_partida` (
  `id` int(11) NOT NULL AUTO_INCREMENT,
  `nombre` tinytext NOT NULL,
  `descrip` text,
  `editable` tinyint(1) DEFAULT NULL,
  PRIMARY KEY (`id`)
) ENGINE=InnoDB AUTO_INCREMENT=8 DEFAULT CHARSET=utf8;

INSERT INTO `tbl_tipo_partida` ( ID, NOMBRE, DESCRIP, EDITABLE ) VALUES
 ( 1, 'CHE', null, 0 ),
 ( 2, 'DEP', null, 0 ),
 ( 3, 'NCR', null, 0 ),
 ( 4, 'NDB', null, 0 ),
 ( 5, 'PAP', null, 0 ),
 ( 6, 'PCI', null, 0 ),
 ( 7, 'POL', null, 0 );

DROP TABLE IF EXISTS `tbl_user_contab` CASCADE;

CREATE TABLE `tbl_user_contab` (
  `user` int(11) NOT NULL,
  `contabilidad` int(11) NOT NULL,
  PRIMARY KEY (`user`,`contabilidad`),
  UNIQUE KEY `UNIQUE` (`user`,`contabilidad`),
  KEY `fk_tbl_user_contab_tbl_contabilidad1_idx` (`contabilidad`),
  CONSTRAINT `fk_tbl_user_contab_tbl_contabilidad1` FOREIGN KEY (`contabilidad`) REFERENCES `tbl_contabilidad` (`id`) ON DELETE CASCADE ON UPDATE CASCADE,
  CONSTRAINT `fk_tbl_user_contab_tbl_users1` FOREIGN KEY (`user`) REFERENCES `tbl_users` (`id`) ON UPDATE CASCADE
) ENGINE=InnoDB DEFAULT CHARSET=utf8;


DROP TABLE IF EXISTS `tbl_user_permits` CASCADE;

CREATE TABLE `tbl_user_permits` (
  `user` int(11) NOT NULL,
  `permit` varchar(45) NOT NULL,
  PRIMARY KEY (`user`,`permit`),
  CONSTRAINT `fk_tbl_user_permits_tbl_users` FOREIGN KEY (`user`) REFERENCES `tbl_users` (`id`) ON DELETE CASCADE ON UPDATE CASCADE
) ENGINE=InnoDB DEFAULT CHARSET=utf8;

INSERT INTO `tbl_user_permits` ( USER, PERMIT ) VALUES
 ( 1, '1' ),
 ( 1, '10' ),
 ( 1, '103' ),
 ( 1, '104' ),
 ( 1, '105' ),
 ( 1, '106' ),
 ( 1, '11' ),
 ( 1, '13' ),
 ( 1, '14' ),
 ( 1, '15' ),
 ( 1, '17' ),
 ( 1, '18' ),
 ( 1, '19' ),
 ( 1, '2' ),
 ( 1, '21' ),
 ( 1, '22' ),
 ( 1, '24' ),
 ( 1, '3' ),
 ( 1, '37' ),
 ( 1, '4' ),
 ( 1, '5' ),
 ( 1, '6' ),
 ( 1, '7' ),
 ( 1, '8' ),
 ( 1, '9' ),
 ( 2, '1' ),
 ( 2, '10' ),
 ( 2, '103' ),
 ( 2, '104' ),
 ( 2, '105' ),
 ( 2, '106' ),
 ( 2, '11' ),
 ( 2, '13' ),
 ( 2, '14' ),
 ( 2, '15' ),
 ( 2, '17' ),
 ( 2, '18' ),
 ( 2, '19' ),
 ( 2, '2' ),
 ( 2, '21' ),
 ( 2, '22' ),
 ( 2, '24' ),
 ( 2, '3' ),
 ( 2, '37' ),
 ( 2, '4' ),
 ( 2, '5' ),
 ( 2, '6' ),
 ( 2, '7' ),
 ( 2, '8' ),
 ( 2, '9' );

DROP TABLE IF EXISTS `tbl_users` CASCADE;

CREATE TABLE `tbl_users` (
  `id` int(11) NOT NULL AUTO_INCREMENT,
  `name` tinytext NOT NULL,
  `email` tinytext,
  `pass` tinytext,
  `type` int(11) DEFAULT NULL,
  `active` tinyint(1) DEFAULT NULL,
  PRIMARY KEY (`id`)
) ENGINE=InnoDB AUTO_INCREMENT=9 DEFAULT CHARSET=utf8;

INSERT INTO `tbl_users` ( ID, NAME, EMAIL, PASS, TYPE, ACTIVE ) VALUES
 ( 1, 'Administrador', null, null, 0, 1 ),
 ( 2, 'Administrador', 'dont@mail.me', 'root', 1, 1 ),
 ( 3, 'Supervisor', null, null, 0, 1 ),
 ( 4, 'Gerente', null, null, 0, 1 ),
 ( 5, 'Operador Avanzado', null, null, 0, 1 ),
 ( 6, 'Operador Medio', null, null, 0, 1 ),
 ( 7, 'Operador Basico', null, null, 0, 1 ),
 ( 8, 'Operador de Banco', null, null, 0, 1 );

