SET FOREIGN_KEY_CHECKS = 0;
SET SQL_MODE="NO_AUTO_VALUE_ON_ZERO";
SET time_zone = "+00:00";


/*!40101 SET @OLD_CHARACTER_SET_CLIENT=@@CHARACTER_SET_CLIENT */;
/*!40101 SET @OLD_CHARACTER_SET_RESULTS=@@CHARACTER_SET_RESULTS */;
/*!40101 SET @OLD_COLLATION_CONNECTION=@@COLLATION_CONNECTION */;
/*!40101 SET NAMES utf8 */;
DROP TABLE IF EXISTS `tbl_balance` CASCADE;

CREATE TABLE `tbl_balance` (
  `id` int(11) NOT NULL AUTO_INCREMENT,
  `contabilidad` int(11) NOT NULL,
  `periodo` int(11) NOT NULL,
  PRIMARY KEY (`id`,`contabilidad`,`periodo`),
  KEY `fk_tbl_balance_tbl_contabilidad1_idx` (`contabilidad`),
  KEY `fk_tbl_balance_tbl_periodo1_idx` (`periodo`),
  CONSTRAINT `fk_tbl_balance_tbl_contabilidad1` FOREIGN KEY (`contabilidad`) REFERENCES `tbl_contabilidad` (`id`) ON UPDATE CASCADE,
  CONSTRAINT `fk_tbl_balance_tbl_periodo1` FOREIGN KEY (`periodo`) REFERENCES `tbl_periodo` (`id`) ON UPDATE CASCADE
) ENGINE=InnoDB AUTO_INCREMENT=10 DEFAULT CHARSET=utf8;

INSERT INTO `tbl_balance` ( ID, CONTABILIDAD, PERIODO ) VALUES
 ( 1, 1, 1 ),
 ( 2, 1, 2 ),
 ( 3, 1, 3 ),
 ( 4, 1, 4 ),
 ( 5, 1, 5 ),
 ( 6, 1, 6 ),
 ( 7, 1, 7 ),
 ( 8, 1, 8 ),
 ( 9, 1, 9 );

DROP TABLE IF EXISTS `tbl_balance_detalle` CASCADE;

CREATE TABLE `tbl_balance_detalle` (
  `id` int(11) NOT NULL AUTO_INCREMENT,
  `balance` int(11) NOT NULL,
  `catalogo` int(11) NOT NULL,
  `cuenta` varchar(20) NOT NULL,
  `ini_debe` double DEFAULT NULL,
  `ini_haber` double DEFAULT NULL,
  `per_debe` double DEFAULT NULL,
  `per_haber` double DEFAULT NULL,
  `fin_debe` double DEFAULT NULL,
  `fin_haber` double DEFAULT NULL,
  PRIMARY KEY (`id`,`balance`,`catalogo`,`cuenta`),
  KEY `fk_tbl_balance_detalle_tbl_balance1_idx` (`balance`),
  KEY `fk_tbl_balance_detalle_tbl_cuenta1_idx` (`cuenta`,`catalogo`),
  CONSTRAINT `fk_tbl_balance_detalle_tbl_balance1` FOREIGN KEY (`balance`) REFERENCES `tbl_balance` (`id`) ON DELETE CASCADE ON UPDATE CASCADE,
  CONSTRAINT `fk_tbl_balance_detalle_tbl_cuenta1` FOREIGN KEY (`cuenta`, `catalogo`) REFERENCES `tbl_cuenta` (`id`, `catalogo`) ON DELETE CASCADE ON UPDATE CASCADE
) ENGINE=InnoDB AUTO_INCREMENT=128 DEFAULT CHARSET=utf8;

INSERT INTO `tbl_balance_detalle` ( ID, BALANCE, CATALOGO, CUENTA, INI_DEBE, INI_HABER, PER_DEBE, PER_HABER, FIN_DEBE, FIN_HABER ) VALUES
 ( 1, 8, 1, '1', 0, 0, 531160.39, 0, 531160.39, 0 ),
 ( 2, 8, 1, '11', 0, 0, 531160.39, 0, 531160.39, 0 ),
 ( 3, 8, 1, '112', 0, 0, 380059.67, 0, 380059.67, 0 ),
 ( 4, 8, 1, '11202', 0, 0, 380059.67, 0, 380059.67, 0 ),
 ( 5, 8, 1, '1120207', 0, 0, 380059.67, 0, 380059.67, 0 ),
 ( 6, 8, 1, '113', 0, 0, 151100.72, 0, 151100.72, 0 ),
 ( 7, 8, 1, '11302', 0, 0, 151100.72, 0, 151100.72, 0 ),
 ( 8, 8, 1, '1130201', 0, 0, 1120.37, 0, 1120.37, 0 ),
 ( 9, 8, 1, '1130202', 0, 0, 149980.35, 0, 149980.35, 0 ),
 ( 10, 8, 1, '4', 0, 0, 0, 3065921.31, 0, 3065921.31 ),
 ( 11, 8, 1, '41', 0, 0, 0, 3065921.31, 0, 3065921.31 ),
 ( 12, 8, 1, '412', 0, 0, 0, 3065921.31, 0, 3065921.31 ),
 ( 13, 8, 1, '41202', 0, 0, 0, 3058000, 0, 3058000 ),
 ( 14, 8, 1, '41203', 0, 0, 0, 7921.31, 0, 7921.31 ),
 ( 15, 8, 1, '4120301', 0, 0, 0, 7921.31, 0, 7921.31 ),
 ( 16, 8, 1, '5', 0, 0, 2536334.92, 1574, 2534760.92, 0 ),
 ( 17, 8, 1, '52', 0, 0, 2536334.92, 1574, 2534760.92, 0 ),
 ( 18, 8, 1, '521', 0, 0, 1420313.43, 0, 1420313.43, 0 ),
 ( 19, 8, 1, '52101', 0, 0, 1377188.43, 0, 1377188.43, 0 ),
 ( 20, 8, 1, '5210101', 0, 0, 1377188.43, 0, 1377188.43, 0 ),
 ( 21, 8, 1, '521010101', 0, 0, 1084869.97, 0, 1084869.97, 0 ),
 ( 22, 8, 1, '521010102', 0, 0, 205548.41, 0, 205548.41, 0 ),
 ( 23, 8, 1, '521010103', 0, 0, 86770.05, 0, 86770.05, 0 ),
 ( 24, 8, 1, '52102', 0, 0, 43125, 0, 43125, 0 ),
 ( 25, 8, 1, '5210201', 0, 0, 500, 0, 500, 0 ),
 ( 26, 8, 1, '5210205', 0, 0, 42625, 0, 42625, 0 ),
 ( 27, 8, 1, '522', 0, 0, 841001.85, 0, 841001.85, 0 ),
 ( 28, 8, 1, '52201', 0, 0, 528001.16, 0, 528001.16, 0 ),
 ( 29, 8, 1, '5220102', 0, 0, 44217.5, 0, 44217.5, 0 ),
 ( 30, 8, 1, '5220103', 0, 0, 195894.66, 0, 195894.66, 0 ),
 ( 31, 8, 1, '5220104', 0, 0, 7385, 0, 7385, 0 ),
 ( 32, 8, 1, '5220105', 0, 0, 10875, 0, 10875, 0 ),
 ( 33, 8, 1, '5220106', 0, 0, 269629, 0, 269629, 0 ),
 ( 34, 8, 1, '52202', 0, 0, 313000.69, 0, 313000.69, 0 ),
 ( 35, 8, 1, '5220201', 0, 0, 36834.03, 0, 36834.03, 0 ),
 ( 36, 8, 1, '5220202', 0, 0, 900, 0, 900, 0 ),
 ( 37, 8, 1, '5220205', 0, 0, 22634.16, 0, 22634.16, 0 ),
 ( 38, 8, 1, '5220207', 0, 0, 15000, 0, 15000, 0 ),
 ( 39, 8, 1, '5220209', 0, 0, 237632.5, 0, 237632.5, 0 ),
 ( 40, 8, 1, '523', 0, 0, 103417.1, 1574, 101843.1, 0 ),
 ( 41, 8, 1, '52301', 0, 0, 6964, 0, 6964, 0 ),
 ( 42, 8, 1, '5230104', 0, 0, 6964, 0, 6964, 0 ),
 ( 43, 8, 1, '52302', 0, 0, 96453.1, 1574, 94879.1, 0 ),
 ( 44, 8, 1, '5230201', 0, 0, 8483, 0, 8483, 0 ),
 ( 45, 8, 1, '5230202', 0, 0, 70881.8, 1242, 69639.8, 0 ),
 ( 46, 8, 1, '5230206', 0, 0, 2176, 0, 2176, 0 ),
 ( 47, 8, 1, '5230207', 0, 0, 14912.3, 332, 14580.3, 0 ),
 ( 48, 8, 1, '524', 0, 0, 171602.54, 0, 171602.54, 0 ),
 ( 49, 8, 1, '52402', 0, 0, 55055.75, 0, 55055.75, 0 ),
 ( 50, 8, 1, '5240203', 0, 0, 26355.75, 0, 26355.75, 0 ),
 ( 51, 8, 1, '5240205', 0, 0, 28700, 0, 28700, 0 ),
 ( 52, 8, 1, '52403', 0, 0, 116546.79, 0, 116546.79, 0 ),
 ( 53, 8, 1, '5240301', 0, 0, 84119.75, 0, 84119.75, 0 ),
 ( 54, 8, 1, '5240302', 0, 0, 32427.04, 0, 32427.04, 0 ),
 ( 55, 9, 1, '1', 531160.39, 0, 130364.81, 361762.18, 299763.02, 0 ),
 ( 56, 9, 1, '11', 531160.39, 0, 130364.81, 361762.18, 299763.02, 0 ),
 ( 57, 9, 1, '112', 380059.67, 0, 20391.66, 244773.78, 155677.55, 0 ),
 ( 58, 9, 1, '11202', 380059.67, 0, 20391.66, 244773.78, 155677.55, 0 ),
 ( 59, 9, 1, '1120207', 380059.67, 0, 20391.66, 244773.78, 155677.55, 0 ),
 ( 60, 9, 1, '113', 151100.72, 0, 109973.15, 116988.4, 144085.47, 0 ),
 ( 61, 9, 1, '11302', 151100.72, 0, 109973.15, 116988.4, 144085.47, 0 ),
 ( 62, 9, 1, '1130201', 1120.37, 0, 0, 1005, 115.37, 0 ),
 ( 63, 9, 1, '1130202', 149980.35, 0, 109973.15, 115983.4, 143970.1, 0 ),
 ( 64, 9, 1, '2', 0, 0, 3097.31, 3378.21, 0, 280.9 ),
 ( 65, 9, 1, '21', 0, 0, 3097.31, 3378.21, 0, 280.9 ),
 ( 66, 9, 1, '211', 0, 0, 3097.31, 3378.21, 0, 280.9 ),
 ( 67, 9, 1, '21102', 0, 0, 3097.31, 3378.21, 0, 280.9 ),
 ( 68, 9, 1, '2110204', 0, 0, 2833.31, 2833.31, 0, 0 ),
 ( 69, 9, 1, '2110206', 0, 0, 0, 280.9, 0, 280.9 ),
 ( 70, 9, 1, '2110207', 0, 0, 264, 264, 0, 0 ),
 ( 71, 9, 1, '4', 0, 3065921.31, 0, 1117.76, 0, 3067039.07 ),
 ( 72, 9, 1, '41', 0, 3065921.31, 0, 1117.76, 0, 3067039.07 ),
 ( 73, 9, 1, '412', 0, 3065921.31, 0, 1117.76, 0, 3067039.07 ),
 ( 74, 9, 1, '41202', 0, 3058000, 0, 0, 0, 3058000 ),
 ( 75, 9, 1, '41203', 0, 7921.31, 0, 1117.76, 0, 9039.07 ),
 ( 76, 9, 1, '4120301', 0, 7921.31, 0, 1117.76, 0, 9039.07 ),
 ( 77, 9, 1, '5', 2534760.92, 0, 234398.53, 1602.5, 2767556.95, 0 ),
 ( 78, 9, 1, '52', 2534760.92, 0, 234398.53, 1602.5, 2767556.95, 0 ),
 ( 79, 9, 1, '521', 1420313.43, 0, 142094.94, 0, 1562408.37, 0 ),
 ( 80, 9, 1, '52101', 1377188.43, 0, 138634.94, 0, 1515823.37, 0 ),
 ( 81, 9, 1, '5210101', 1377188.43, 0, 87650, 0, 1464838.43, 0 ),
 ( 82, 9, 1, '521010101', 1084869.97, 0, 51230, 0, 1136099.97, 0 ),
 ( 83, 9, 1, '521010102', 205548.41, 0, 34200, 0, 239748.41, 0 ),
 ( 84, 9, 1, '521010103', 86770.05, 0, 2220, 0, 88990.05, 0 ),
 ( 85, 9, 1, '5210102', 0, 0, 44725.87, 0, 44725.87, 0 ),
 ( 86, 9, 1, '521010201', 0, 0, 42389.87, 0, 42389.87, 0 ),
 ( 87, 9, 1, '521010202', 0, 0, 336, 0, 336, 0 ),
 ( 88, 9, 1, '521010203', 0, 0, 2000, 0, 2000, 0 ),
 ( 89, 9, 1, '5210105', 0, 0, 6259.07, 0, 6259.07, 0 ),
 ( 90, 9, 1, '521010501', 0, 0, 5597.53, 0, 5597.53, 0 ),
 ( 91, 9, 1, '521010502', 0, 0, 448.14, 0, 448.14, 0 ),
 ( 92, 9, 1, '521010503', 0, 0, 213.4, 0, 213.4, 0 ),
 ( 93, 9, 1, '52102', 43125, 0, 3460, 0, 46585, 0 ),
 ( 94, 9, 1, '5210201', 500, 0, 0, 0, 500, 0 ),
 ( 95, 9, 1, '5210205', 42625, 0, 3460, 0, 46085, 0 ),
 ( 96, 9, 1, '522', 841001.85, 0, 75362.8, 103, 916261.65, 0 ),
 ( 97, 9, 1, '52201', 528001.16, 0, 41875, 0, 569876.16, 0 ),
 ( 98, 9, 1, '5220102', 44217.5, 0, 0, 0, 44217.5, 0 ),
 ( 99, 9, 1, '5220103', 195894.66, 0, 0, 0, 195894.66, 0 ),
 ( 100, 9, 1, '5220104', 7385, 0, 41610, 0, 48995, 0 );
INSERT INTO `tbl_balance_detalle` ( ID, BALANCE, CATALOGO, CUENTA, INI_DEBE, INI_HABER, PER_DEBE, PER_HABER, FIN_DEBE, FIN_HABER ) VALUES
 ( 101, 9, 1, '5220105', 10875, 0, 0, 0, 10875, 0 ),
 ( 102, 9, 1, '5220106', 269629, 0, 265, 0, 269894, 0 ),
 ( 103, 9, 1, '52202', 313000.69, 0, 33487.8, 103, 346385.49, 0 ),
 ( 104, 9, 1, '5220201', 36834.03, 0, 3004, 10, 39828.03, 0 ),
 ( 105, 9, 1, '5220202', 900, 0, 134, 93, 941, 0 ),
 ( 106, 9, 1, '5220204', 0, 0, 194.1, 0, 194.1, 0 ),
 ( 107, 9, 1, '5220205', 22634.16, 0, 155.7, 0, 22789.86, 0 ),
 ( 108, 9, 1, '5220207', 15000, 0, 0, 0, 15000, 0 ),
 ( 109, 9, 1, '5220209', 237632.5, 0, 30000, 0, 267632.5, 0 ),
 ( 110, 9, 1, '523', 101843.1, 0, 10601.5, 1499.5, 110945.1, 0 ),
 ( 111, 9, 1, '52301', 6964, 0, 1086, 0, 8050, 0 ),
 ( 112, 9, 1, '5230104', 6964, 0, 1086, 0, 8050, 0 ),
 ( 113, 9, 1, '52302', 94879.1, 0, 9515.5, 1499.5, 102895.1, 0 ),
 ( 114, 9, 1, '5230201', 8483, 0, 1244.65, 0, 9727.65, 0 ),
 ( 115, 9, 1, '5230202', 69639.8, 0, 7562.85, 1454.5, 75748.15, 0 ),
 ( 116, 9, 1, '5230204', 0, 0, 93, 0, 93, 0 ),
 ( 117, 9, 1, '5230206', 2176, 0, 138, 45, 2269, 0 ),
 ( 118, 9, 1, '5230207', 14580.3, 0, 477, 0, 15057.3, 0 ),
 ( 119, 9, 1, '524', 171602.54, 0, 5839.29, 0, 177441.83, 0 ),
 ( 120, 9, 1, '52402', 55055.75, 0, 0, 0, 55055.75, 0 ),
 ( 121, 9, 1, '5240203', 26355.75, 0, 0, 0, 26355.75, 0 ),
 ( 122, 9, 1, '5240205', 28700, 0, 0, 0, 28700, 0 ),
 ( 123, 9, 1, '52403', 116546.79, 0, 5839.29, 0, 122386.08, 0 ),
 ( 124, 9, 1, '5240301', 84119.75, 0, 5839.29, 0, 89959.04, 0 ),
 ( 125, 9, 1, '5240302', 32427.04, 0, 0, 0, 32427.04, 0 ),
 ( 126, 9, 1, '525', 0, 0, 500, 0, 500, 0 ),
 ( 127, 9, 1, '52505', 0, 0, 500, 0, 500, 0 );

DROP TABLE IF EXISTS `tbl_catalogo` CASCADE;

CREATE TABLE `tbl_catalogo` (
  `id` int(11) NOT NULL AUTO_INCREMENT,
  `nombre` tinytext NOT NULL,
  PRIMARY KEY (`id`)
) ENGINE=InnoDB AUTO_INCREMENT=2 DEFAULT CHARSET=utf8;

INSERT INTO `tbl_catalogo` ( ID, NOMBRE ) VALUES
 ( 1, 'catalogo 1' );

DROP TABLE IF EXISTS `tbl_consolidados` CASCADE;

CREATE TABLE `tbl_consolidados` (
  `contabilidad` int(11) NOT NULL,
  `origen` int(11) NOT NULL,
  PRIMARY KEY (`contabilidad`,`origen`),
  UNIQUE KEY `UNIQUE` (`contabilidad`,`origen`),
  KEY `fk_tbl_origenes_tbl_contabilidad2_idx` (`origen`),
  CONSTRAINT `fk_tbl_origenes_tbl_contabilidad1` FOREIGN KEY (`contabilidad`) REFERENCES `tbl_contabilidad` (`id`) ON UPDATE CASCADE,
  CONSTRAINT `fk_tbl_origenes_tbl_contabilidad2` FOREIGN KEY (`origen`) REFERENCES `tbl_contabilidad` (`id`) ON UPDATE CASCADE
) ENGINE=InnoDB DEFAULT CHARSET=utf8;


DROP TABLE IF EXISTS `tbl_contabilidad` CASCADE;

CREATE TABLE `tbl_contabilidad` (
  `id` int(11) NOT NULL AUTO_INCREMENT,
  `nombre` varchar(50) NOT NULL,
  `tipo_cierre` varchar(10) NOT NULL,
  `cuenta_cierre` varchar(20) NOT NULL,
  `catalogo` int(11) NOT NULL,
  `tipo_numeracion` varchar(10) NOT NULL,
  `prefijo_partida` varchar(10) DEFAULT NULL,
  `numero_partida` int(11) DEFAULT NULL,
  `lugares_partida` int(11) DEFAULT NULL,
  `consolidada` tinyint(1) DEFAULT NULL,
  PRIMARY KEY (`id`,`cuenta_cierre`,`catalogo`),
  KEY `fk_tbl_contabilidad_tbl_cuenta1_idx` (`cuenta_cierre`,`catalogo`),
  CONSTRAINT `fk_tbl_contabilidad_tbl_cuenta1` FOREIGN KEY (`cuenta_cierre`, `catalogo`) REFERENCES `tbl_cuenta` (`id`, `catalogo`) ON DELETE NO ACTION ON UPDATE NO ACTION
) ENGINE=InnoDB AUTO_INCREMENT=2 DEFAULT CHARSET=utf8;

INSERT INTO `tbl_contabilidad` ( ID, NOMBRE, TIPO_CIERRE, CUENTA_CIERRE, CATALOGO, TIPO_NUMERACION, PREFIJO_PARTIDA, NUMERO_PARTIDA, LUGARES_PARTIDA, CONSOLIDADA ) VALUES
 ( 1, 'ejemplo', 'resultados', '314', 1, 'global', 'UEMA', 2424, 4, 1 );

DROP TABLE IF EXISTS `tbl_cuenta` CASCADE;

CREATE TABLE `tbl_cuenta` (
  `id` varchar(20) NOT NULL,
  `catalogo` int(11) NOT NULL,
  `nombre` tinytext NOT NULL,
  `padre` varchar(20) DEFAULT NULL,
  `detalle` tinyint(1) DEFAULT NULL,
  `grupo` int(11) NOT NULL,
  `nivel` int(11) DEFAULT NULL,
  PRIMARY KEY (`id`,`catalogo`,`grupo`),
  UNIQUE KEY `UNIQUE` (`id`,`catalogo`),
  KEY `fk_tbl_cuenta_tbl_grupo_balance1_idx` (`grupo`),
  KEY `fk_tbl_cuenta_tbl_catalogo1_idx` (`catalogo`),
  CONSTRAINT `fk_tbl_cuenta_tbl_catalogo1` FOREIGN KEY (`catalogo`) REFERENCES `tbl_catalogo` (`id`) ON UPDATE CASCADE,
  CONSTRAINT `fk_tbl_cuenta_tbl_grupo_balance1` FOREIGN KEY (`grupo`) REFERENCES `tbl_grupo` (`id`) ON UPDATE CASCADE
) ENGINE=InnoDB DEFAULT CHARSET=utf8;

INSERT INTO `tbl_cuenta` ( ID, CATALOGO, NOMBRE, PADRE, DETALLE, GRUPO, NIVEL ) VALUES
 ( '1', 1, 'ACTIVO', null, 0, 1, 1 ),
 ( '11', 1, 'CORRIENTE', '1', 0, 1, 2 ),
 ( '111', 1, 'Caja', '11', 0, 1, 3 ),
 ( '11101', 1, 'Caja Chica FGT', '111', 1, 1, 4 ),
 ( '11102', 1, 'Caja Chica Proyectos', '111', 1, 1, 4 ),
 ( '112', 1, 'Bancos', '11', 0, 1, 3 ),
 ( '11201', 1, 'Bancos FGT', '112', 0, 1, 4 ),
 ( '1120101', 1, 'Citiy Bank 300140321011 Euros', '11201', 1, 1, 5 ),
 ( '1120102', 1, 'Citiy Bank 210140321011 Dolares', '11201', 1, 1, 5 ),
 ( '1120103', 1, 'Agromercantil 4160001228 Dolares (Ahorro)', '11201', 1, 1, 5 ),
 ( '1120104', 1, 'G&T Continental 6600048181 Fondo de prestaciones laborales', '11201', 1, 1, 5 ),
 ( '1120105', 1, 'G&T Continental 6600108720 Fondo Prográmatico', '11201', 1, 1, 5 ),
 ( '1120106', 1, 'Bantrab 2010600136 Administración', '11201', 1, 1, 5 ),
 ( '1120107', 1, 'Bantrab 2010600127 Fondo de inversión', '11201', 1, 1, 5 ),
 ( '1120108', 1, 'Bantrab 2010600172  Laboral Ahorro', '11201', 1, 1, 5 ),
 ( '1120109', 1, 'Banrural 3423034114 IGSS-Impuestos', '11201', 1, 1, 5 ),
 ( '1120110', 1, 'Banrural 3423032405 Donaciones Personales', '11201', 1, 1, 5 ),
 ( '1120111', 1, 'CHN 10057048 ISR-Impuestos', '11201', 1, 1, 5 ),
 ( '1120112', 1, 'CHN 11617824 Ahorro-CHN', '11201', 1, 1, 5 ),
 ( '1120113', 1, 'Industrial 2040068189 Industrial-Financiera Occidente', '11201', 1, 1, 5 ),
 ( '1120114', 1, 'Inversión CHN-Plazo Fijo', '11201', 1, 1, 5 ),
 ( '1120115', 1, 'Inversió Financiera de Occidente', '11201', 1, 1, 5 ),
 ( '1120116', 1, 'Agromercantil 315 Inversión Agromerantil-Dólares', '11201', 1, 1, 5 ),
 ( '11202', 1, 'Bancos Desarrollo Local', '112', 0, 1, 4 ),
 ( '1120201', 1, 'G&T Continental 100348656 Centro Cooperativo Sueco 2010', '11202', 1, 1, 5 ),
 ( '1120202', 1, 'Banrural 3033704983 Caixa/PTM', '11202', 1, 1, 5 ),
 ( '1120203', 1, 'Banrural 3033690315 Aecid/PTM', '11202', 1, 1, 5 ),
 ( '1120204', 1, 'Banrural 3445083385 Navarra Ixcán/PTM/2010', '11202', 1, 1, 5 ),
 ( '1120205', 1, 'Banrural 3445075464 Alava/PTM', '11202', 1, 1, 5 ),
 ( '1120206', 1, 'Banrural 3445075414 Donostia/PTM', '11202', 1, 1, 5 ),
 ( '1120207', 1, 'Banrural 3445053393 Mancomunidad/UE-PTM', '11202', 1, 1, 5 ),
 ( '1120208', 1, 'Banrural 3423032390 Mancomunidad/Navarra-PTM/2010', '11202', 1, 1, 5 ),
 ( '1120209', 1, 'Banrural 3445088550 Consultoria Verde Azul', '11202', 1, 1, 5 ),
 ( '1120210', 1, 'Banrural 3445208538 Actores No Estatales UE CCS', '11202', 1, 1, 5 ),
 ( '1120211', 1, 'Banrural 3445210390 Manos Unidas 2011-2012', '11202', 1, 1, 5 ),
 ( '1120212', 1, 'Banrural 3445210405 Sodepaz Rioja Mujeres', '11202', 1, 1, 5 ),
 ( '1120213', 1, 'G&T 0100348656 Ciudadania SCC 2011', '11202', 1, 1, 5 ),
 ( '1120214', 1, 'Banrural 34-45-25392-3 DISOP', '11202', 1, 1, 5 ),
 ( '1120215', 1, 'G&T Continental 66-0016072-1 Manos Unidas Emergencia', '11202', 1, 1, 5 ),
 ( '1120216', 1, 'Banrural 3445083385 Navarra Ixcán/PTM/2012', '11202', 1, 1, 5 ),
 ( '1120217', 1, 'Banrural 3-445-29685-9 Ciudadania SCC 2012', '11202', 1, 1, 5 ),
 ( '1120218', 1, 'Banrural 3-445-35858-4 FGT-La Caixa Fase II Año 1', '11202', 1, 1, 5 ),
 ( '1120219', 1, 'Banrural 3445083385 Navarra Ixcán 2013', '11202', 1, 1, 5 ),
 ( '1120220', 1, 'Banrural 34-45-25392-3 DISOP 2013', '11202', 1, 1, 5 ),
 ( '11203', 1, 'Bancos Tierra y Desarrollo Rual', '112', 0, 1, 4 ),
 ( '1120301', 1, 'Banrural 3445075428 Seguridad Alimentaria/OIKOS', '11203', 1, 1, 5 ),
 ( '1120302', 1, 'Banrural 3423037941 Emergencia Agatha/Trocaire', '11203', 1, 1, 5 ),
 ( '1120303', 1, 'Banrural 3423033743 Seguimiento a la Gestión de Riesgo/Trocaire', '11203', 1, 1, 5 ),
 ( '1120304', 1, 'Bantrab 118021176 Sierra de las Minas Año 6', '11203', 1, 1, 5 ),
 ( '1120305', 1, 'Banrural 3423033743 Riesgo y Ambiente Trocaire 2010', '11203', 1, 1, 5 ),
 ( '1120306', 1, 'Banrural 34-45-25389-0 Emergencia Polochic Trocaire', '11203', 1, 1, 5 ),
 ( '1120307', 1, 'Banrural 3445275214 UNFPA /Mujeres Q eqchi s', '11203', 1, 1, 5 ),
 ( '1120308', 1, 'Banrural 3445275246 Emergencia en Alimento San Francisco II/ Trocaire', '11203', 1, 1, 5 ),
 ( '1120309', 1, 'Banrural 34-23-03239-0 Mancomunidad Navarra PTM 2011', '11203', 1, 1, 5 ),
 ( '1120310', 1, 'Bantrab 11-80-02117-6 Sierra de las Minas Año 7', '11203', 1, 1, 5 ),
 ( '1120311', 1, 'G&T Continental 66-16074-7 Emergencias Polochic Varias ADA', '11203', 1, 1, 5 ),
 ( '1120312', 1, 'Banrural 3445296877 Campaña Sin Hambre Action Aid', '11203', 1, 1, 5 ),
 ( '1120313', 1, 'Banrural 3-445-31439-2 FGT-AECID 10-CO1-007 CA-GUA', '11203', 1, 1, 5 ),
 ( '1120314', 1, 'Banrural 3-445-31438-8 Fondos Oficial ActionAid 4 Meses', '11203', 1, 1, 5 ),
 ( '1120315', 1, 'Banrural 3-445-29686-3 Rosa Luxemburg Cambio Climático', '11203', 1, 1, 5 ),
 ( '1120316', 1, 'Bantrab 11-80-02117-6 Sierra de las Minas Año 8', '11203', 1, 1, 5 ),
 ( '1120317', 1, 'Banrural 34-45-27524-6 Emergencia Terremoto 7 Noviembre 2012', '11203', 1, 1, 5 ),
 ( '1120318', 1, 'Banrural 3423032354 Rosa Luxemburg Stiftung 2013', '11203', 1, 1, 5 ),
 ( '1120319', 1, 'Banrural 3-445-31439-2 FGT-AECID 10-CO1-007 CA-GUA', '11203', 1, 1, 5 ),
 ( '1120320', 1, 'Banrural 3-445-31438-8 POA 2013 - Fondos ACTIONAID', '11203', 1, 1, 5 ),
 ( '1120321', 1, 'G&T Continental 66-0016074-7 Fondo Prestaciones PAC-POA', '11203', 1, 1, 5 ),
 ( '1120322', 1, 'G&T Continental 66-0016160-4 Censo Polochic-Trocaire', '11203', 1, 1, 5 ),
 ( '1120323', 1, 'Bantrab 11-80-02117-6 Sierra de las Minas Año 9', '11203', 1, 1, 5 ),
 ( '11204', 1, 'Bancos Desarrollo del Habitat Comunitario', '112', 0, 1, 4 ),
 ( '1120401', 1, 'CHN 10056904 Cuenta Recepción de Transferencias Foguavi', '11204', 1, 1, 5 ),
 ( '1120402', 1, 'Banrural 3445070506 Santiago/Foguavi/ 185 Viviendas', '11204', 1, 1, 5 ),
 ( '1120403', 1, 'Banrural 3423037872 Santiago/Foguavi/ 71 Viviendas', '11204', 1, 1, 5 ),
 ( '1120404', 1, 'Banrural 3445088546 Santiago/Foguavi/30 Viviendas', '11204', 1, 1, 5 ),
 ( '1120405', 1, 'Banrural 3423032299 Ixchiguán/Foguavi/26 Viviendas', '11204', 1, 1, 5 ),
 ( '1120406', 1, 'G&T Continental 6600095711 Santa Ana Petén/Foguavi/52 Viviendas', '11204', 1, 1, 5 ),
 ( '1120407', 1, 'Banrural 3445070487 Santiago/FSS/185 Viviendas', '11204', 1, 1, 5 ),
 ( '1120408', 1, 'Banrural 3445070491 Santiago/FSS/124 Viviendas', '11204', 1, 1, 5 ),
 ( '1120409', 1, 'Banrural 3445075450 Saneamiento Básico/FSS/275 Viviendas', '11204', 1, 1, 5 ),
 ( '1120410', 1, 'Banrural 3445070473 Santa Ana Petén/PNUD/52 Viviendas', '11204', 1, 1, 5 ),
 ( '1120411', 1, 'Banrural 3445084196 Diagnóstico Santiago Atitlán/Municipalidad/AACID', '11204', 1, 1, 5 ),
 ( '1120412', 1, 'Banrural 344508853 Techos San Lucas/CECI', '11204', 1, 1, 5 ),
 ( '1120413', 1, 'Banrural 3033579554 Preinversión', '11204', 1, 1, 5 ),
 ( '1120414', 1, 'Banrural 3445208643 Santiago/Foguavi/20 Viviendas', '11204', 1, 1, 5 ),
 ( '1120415', 1, 'Banrural 3445210372 Ayuntamiento Malaga Cesal', '11204', 1, 1, 5 ),
 ( '1120416', 1, 'Banrural 3445088532 Ceci Instalación Agua', '11204', 1, 1, 5 ),
 ( '1120417', 1, 'Santa Ana Peten Foguavi/ 8 Viviendas', '11204', 1, 1, 5 ),
 ( '1120418', 1, 'Bantrab 101-034175-8 Santa Rosa Colomba 20 Viv', '11204', 1, 1, 5 ),
 ( '1120419', 1, 'Banrural 34-45-25391-9 Xecuyu y San Martin Foguavi 66 Viviendas', '11204', 1, 1, 5 ),
 ( '1120420', 1, 'Banrural 3445253905 Santa Clara Chajul Foguavi 61 Viviendas', '11204', 1, 1, 5 ),
 ( '1120421', 1, 'Banrural 3445266326 Ixchiguán Foguavi 16 Viviendas', '11204', 1, 1, 5 ),
 ( '1120422', 1, 'Banrural 3445253735 Verde y Azul Desarrollo Santa clara y Xecoyeu', '11204', 1, 1, 5 ),
 ( '1120423', 1, 'Banrural 34-45-26634-4 Polochic Vivienda Emergencia/Trocaire', '11204', 1, 1, 5 ),
 ( '1120424', 1, 'Banrural 34-4526636-2 PNUD Ixchiguán 2011', '11204', 1, 1, 5 ),
 ( '1120425', 1, 'Banrural 34-45-27523-2 Sodepaz La Rioja Logroño Viviendas', '11204', 1, 1, 5 ),
 ( '1120426', 1, 'Bantrab 101-041449-8 Foguavi Santa Rosa Colomba 20 Viv 2012', '11204', 1, 1, 5 ),
 ( '1120427', 1, 'Banrural 3-445-25808-3 Mano Obra Verde&Azul / Santa Clara', '11204', 1, 1, 5 ),
 ( '1120428', 1, 'Banrural 3-445-25806-5 Mano Obra Verde&Azul / Xecoyeu', '11204', 1, 1, 5 ),
 ( '1120429', 1, 'Banrural 34-45-43995-7 Foguavi Ixchiguán 9 Viviendas', '11204', 1, 1, 5 ),
 ( '11205', 1, 'Bancos Otros Proyectos', '112', 0, 1, 4 ),
 ( '1120501', 1, 'Banrural 3033349217 Contingencias', '11205', 1, 1, 5 );
INSERT INTO `tbl_cuenta` ( ID, CATALOGO, NOMBRE, PADRE, DETALLE, GRUPO, NIVEL ) VALUES
 ( '1120502', 1, 'Banrural 3445055369 Colectivo Galich II 2010', '11205', 1, 1, 5 ),
 ( '1120503', 1, 'Bantrab 2010600118 Colectivo Galich II 2009', '11205', 1, 1, 5 ),
 ( '1120504', 1, 'Banrural 3423032354 Rosa Luxemburgo 2010', '11205', 1, 1, 5 ),
 ( '1120505', 1, 'Bantrab 2016001512 Rolando Morán', '11205', 1, 1, 5 ),
 ( '1120506', 1, 'Bantrab 2016001399 Incorporación Política', '11205', 1, 1, 5 ),
 ( '1120507', 1, 'Banrural 3423033298 Memoria Histórica', '11205', 1, 1, 5 ),
 ( '1120508', 1, 'Banrural 3445208639 FAFG Exhumaciones', '11205', 1, 1, 5 ),
 ( '1120509', 1, 'Banrural 3423032354 Rosa Luxemburgo 2011', '11205', 1, 1, 5 ),
 ( '1120510', 1, 'Bantrab 118-000757-0 Exhumaciones Cruz Roja Internacional', '11205', 1, 1, 5 ),
 ( '1120511', 1, 'Banrural 34-45-26633-0 Front Line /Seguridad FGT', '11205', 1, 1, 5 ),
 ( '1120512', 1, 'Banrural 34-45-26635-8 Rosa Luxemburgo Entrevistas', '11205', 1, 1, 5 ),
 ( '1120513', 1, 'Banrural 3-423-03787-2 Universidad Guille España', '11205', 1, 1, 5 ),
 ( '1120514', 1, 'Banrural 3423032354 Rosa Luxemburgo 2012', '11205', 1, 1, 5 ),
 ( '1120515', 1, 'G&T Continental 66-0016160-4 RLS 2012 Reunión Contrapartes', '11205', 1, 1, 5 ),
 ( '1120516', 1, 'G&T Continental 92-0008663-7 Fondos Rolando Moran', '11205', 1, 1, 5 ),
 ( '1120517', 1, 'G&T Continental 66-0016160-4 RLS 2012 Saberes Libres', '11205', 1, 1, 5 ),
 ( '1120518', 1, 'Banrural 34-45-38723-8 Colectivo Galich II', '11205', 1, 1, 5 ),
 ( '113', 1, 'Cuentas x Cobrar', '11', 0, 1, 3 ),
 ( '11301', 1, 'Cuentas x Cobrar FGT', '113', 0, 1, 4 ),
 ( '1130101', 1, 'Cuentas x Cobrar a Programas', '11301', 0, 1, 5 ),
 ( '113010101', 1, 'Cobrar a Desarrollo Local', '1130101', 1, 1, 6 ),
 ( '113010102', 1, 'Cobrar aTierra y Desarrollo Rural', '1130101', 1, 1, 6 ),
 ( '113010103', 1, 'Cobrar a Hábitat Comunitario', '1130101', 1, 1, 6 ),
 ( '113010104', 1, 'Cobrar Administración y Finanzas', '1130101', 1, 1, 6 ),
 ( '113010105', 1, 'Cobrar a Otros Proyectos', '1130101', 1, 1, 6 ),
 ( '1130102', 1, 'Anticipos x Liquidar', '11301', 1, 1, 5 ),
 ( '1130103', 1, 'Deudores Empleados', '11301', 1, 1, 5 ),
 ( '1130104', 1, 'Donaciones Personales x Cobrar', '113', 0, 1, 4 ),
 ( '113010401', 1, 'Caroline Aguirre', '1130104', 1, 1, 5 ),
 ( '113010402', 1, 'Leticia Chanchavac', '1130104', 1, 1, 5 ),
 ( '113010403', 1, 'Grace Valenzuela', '1130104', 1, 1, 5 ),
 ( '113010404', 1, 'Luis Itzul', '1130104', 1, 1, 5 ),
 ( '113010405', 1, 'Walter Ruano', '1130104', 1, 1, 5 ),
 ( '113010406', 1, 'Karina Marroquin', '1130104', 1, 1, 5 ),
 ( '113010407', 1, 'Ronald Garcia', '1130104', 1, 1, 5 ),
 ( '113010408', 1, 'Mayra Plata', '1130104', 1, 1, 5 ),
 ( '113010409', 1, 'Miguel Sisay', '1130104', 1, 1, 5 ),
 ( '113010410', 1, 'Vladimir Valenzuela', '1130104', 1, 1, 5 ),
 ( '113010411', 1, 'Marvin Valenzuela', '1130104', 1, 1, 5 ),
 ( '113010412', 1, 'Susan Ruano', '1130104', 1, 1, 5 ),
 ( '113010413', 1, 'Mariana Rivas', '1130104', 1, 1, 5 ),
 ( '113010414', 1, 'Paola Ruano', '1130104', 1, 1, 5 ),
 ( '113010415', 1, 'Hadee Mendez', '1130104', 1, 1, 5 ),
 ( '113010416', 1, 'Gustavo Pernilla', '1130104', 1, 1, 5 ),
 ( '113010417', 1, 'María Velasquez', '1130104', 1, 1, 5 ),
 ( '113010418', 1, 'Enrique Corral', '1130104', 1, 1, 5 ),
 ( '113010419', 1, 'Clara Virginia Morales', '1130104', 1, 1, 5 ),
 ( '113010420', 1, 'Jorge Macías', '1130104', 1, 1, 5 ),
 ( '113010421', 1, 'Wendy Martínez', '1130104', 1, 1, 5 ),
 ( '113010422', 1, 'Leandra González', '1130104', 1, 1, 5 ),
 ( '113010423', 1, 'Angel Berna Gil', '1130104', 1, 1, 5 ),
 ( '113010424', 1, 'Aldy Santos García', '1130104', 1, 1, 5 ),
 ( '113010425', 1, 'Leocadio Camposeco', '1130104', 1, 1, 5 ),
 ( '1130105', 1, 'Cuenta por cobrar a terceros', '11301', 1, 1, 5 ),
 ( '11302', 1, 'Cuentas x Cobrar Desarrollo Local', '113', 0, 1, 4 ),
 ( '1130201', 1, 'Cuentas x Cobrar', '11302', 1, 1, 5 ),
 ( '1130202', 1, 'Anticipos x Liquidar', '11302', 1, 1, 5 ),
 ( '11303', 1, 'Cuentas x Cobrar Tierra y Desarrollo Rural', '113', 0, 1, 4 ),
 ( '1130301', 1, 'Cuentas x Cobrar', '11303', 1, 1, 5 ),
 ( '1130302', 1, 'Anticipos x Liquidar', '11303', 1, 1, 5 ),
 ( '11304', 1, 'Cuentas x Cobrar Desarrollo del Hábitat Comunitario', '113', 0, 1, 4 ),
 ( '1130401', 1, 'Cuentas x Cobrar', '11304', 1, 1, 5 ),
 ( '1130402', 1, 'Anticipos x Liquidar', '11304', 1, 1, 5 ),
 ( '11305', 1, 'Cuentas x Cobrar Otros Proyectos', '113', 0, 1, 4 ),
 ( '1130501', 1, 'Cuentas x Cobrar', '11305', 1, 1, 5 ),
 ( '1130502', 1, 'Anticipos x Liquidar', '11305', 1, 1, 5 ),
 ( '1130503', 1, 'Deudores Empleados', '11305', 1, 1, 5 ),
 ( '12', 1, 'NO CORRIENTE', '1', 0, 1, 2 ),
 ( '121', 1, 'Propiedad, Planta y Equipo', '12', 0, 1, 3 ),
 ( '12101', 1, 'Terrenos', '121', 1, 1, 4 ),
 ( '12102', 1, 'Inmuebles', '121', 1, 1, 4 ),
 ( '12103', 1, 'Mobiliario y Equipo', '121', 0, 1, 4 ),
 ( '1210301', 1, 'Costo historico Mobiliario y Equipo', '12103', 1, 1, 5 ),
 ( '1210302', 1, '(Depreciación Acumulada Mobiliario y Equipo)', '12103', 1, 1, 5 ),
 ( '12104', 1, 'Equipo de Computo y Software', '121', 0, 1, 4 ),
 ( '1210401', 1, 'Costo historico Equipo de Computo y Software', '12104', 1, 1, 5 ),
 ( '1210402', 1, '(Depreciación Acumulada Equipo de Computo y Software)', '12104', 1, 1, 5 ),
 ( '12105', 1, 'Vehiculos', '121', 0, 1, 4 ),
 ( '1210501', 1, 'Costo histórico Vehiculos', '12105', 1, 1, 5 ),
 ( '1210502', 1, '(Depreciación Acumulada Vehiculos)', '12105', 1, 1, 5 ),
 ( '12106', 1, 'Otros Activos', '121', 0, 1, 4 ),
 ( '1210601', 1, 'Deposito en Garantía', '12106', 1, 1, 5 ),
 ( '12107', 1, 'Equipo de Comunicación y Geografía', '12', 0, 1, 3 ),
 ( '1210701', 1, 'Costo Histórico Equipo de Comunicación y Geografía', '12107', 1, 1, 4 ),
 ( '1210702', 1, '(Depreciación Acumulada Equipo de Comunicación y Geografía)', '12107', 1, 1, 4 ),
 ( '2', 1, 'PASIVO', null, 0, 7, 1 ),
 ( '21', 1, 'CORRIENTE', '2', 0, 7, 2 ),
 ( '211', 1, 'Cuentas x Pagar', '21', 0, 7, 3 ),
 ( '21101', 1, 'Cuentas x Pagar FGT', '211', 0, 7, 4 ),
 ( '2110101', 1, 'Cuentas x Pagar a Proyectos', '21101', 1, 7, 5 ),
 ( '2110102', 1, 'Retención Igss Laboral', '21101', 1, 7, 5 ),
 ( '2110103', 1, 'Impuestos x Pagar', '21101', 1, 7, 5 ),
 ( '2110104', 1, 'Otras cuentas x Pagar', '21101', 1, 7, 5 ),
 ( '2110105', 1, 'Reintegro  de Excedentes Liquidacions x Pagar', '21101', 1, 7, 5 ),
 ( '2110106', 1, 'Fondo de Ahorro Laboral', '21101', 0, 7, 5 ),
 ( '211010601', 1, 'Andreina Mejia', '2110106', 1, 7, 6 ),
 ( '211010602', 1, 'Cuenta por pagar a Acreedores', '21101', 1, 7, 5 ),
 ( '2110107', 1, 'Cuentas x Pagar a Acreedores', '21101', 1, 7, 5 ),
 ( '2110108', 1, 'Cuentas x Pagar a Proveedores', '211', 1, 7, 4 ),
 ( '2110109', 1, 'Cuota Laboral-Patronal IGSS x Pagar', '21101', 1, 7, 5 );
INSERT INTO `tbl_cuenta` ( ID, CATALOGO, NOMBRE, PADRE, DETALLE, GRUPO, NIVEL ) VALUES
 ( '2110110', 1, 'Retención ISR Asalariados', '21101', 1, 7, 5 ),
 ( '21102', 1, 'Cuentas x Pagar Desarrollo Local', '211', 0, 7, 4 ),
 ( '2110201', 1, 'Cuentas x Pagar a Proyectos', '21102', 1, 7, 5 ),
 ( '2110202', 1, 'Cuentas x Pagar a FGT', '21102', 1, 7, 5 ),
 ( '2110203', 1, 'Cuentas x Pagar a Proveedores', '21102', 1, 7, 5 ),
 ( '2110204', 1, 'Retención Igss Laboral', '21102', 1, 7, 5 ),
 ( '2110205', 1, 'Impuestos x Pagar', '21102', 1, 7, 5 ),
 ( '2110206', 1, 'Reintegro de Excedentes  Liquidaciones x Pagar', '21102', 1, 7, 5 ),
 ( '2110207', 1, 'Otras Cuentas x Pagar', '21102', 1, 7, 5 ),
 ( '2110208', 1, 'Retención ISR Asalariados Desarrollo Local', '21102', 1, 7, 5 ),
 ( '21103', 1, 'Cuentas x Pagar Tierra y Desarrollo Rural', '211', 0, 7, 4 ),
 ( '2110301', 1, 'Cuentas x Pagar a Proyectos', '21103', 1, 7, 5 ),
 ( '2110302', 1, 'Cuentas x Pagar a FGT', '21103', 1, 7, 5 ),
 ( '2110303', 1, 'Cuentas x Pagar a Proveedores', '21103', 1, 7, 5 ),
 ( '2110304', 1, 'Retención Igss Laboral', '21103', 1, 7, 5 ),
 ( '2110305', 1, 'Impuestos x Pagar', '21103', 1, 7, 5 ),
 ( '2110306', 1, 'Reintegro de Excedentes  Liquidaciones x Pagar', '21103', 1, 7, 5 ),
 ( '2110307', 1, 'Otras Cuentas x Pagar', '21103', 1, 7, 5 ),
 ( '2110308', 1, 'Retención ISR Asalariados Tierra y Desarrollo', '21103', 1, 7, 5 ),
 ( '2110309', 1, 'Prestaciones Laborales Fondos POA', '21103', 1, 7, 5 ),
 ( '2110310', 1, 'Prestaciones Laborales Fondos PAC', '21103', 1, 7, 5 ),
 ( '21104', 1, 'Cuentas x Pagar  Desarrollo del Habitat Comunitario', '211', 0, 7, 4 ),
 ( '2110401', 1, 'Cuentas x Pagar a Proyectos', '21104', 1, 7, 5 ),
 ( '2110402', 1, 'Cuentas x Pagar a FGT', '21104', 1, 7, 5 ),
 ( '2110403', 1, 'Cuentas x Pagar a Proveedores', '21104', 1, 7, 5 ),
 ( '2110404', 1, 'Retención Igss Laboral', '21104', 1, 7, 5 ),
 ( '2110405', 1, 'Impuestos x Pagar', '21104', 1, 7, 5 ),
 ( '2110406', 1, 'Reintegro de Excedentes  Liquidaciones x Pagar', '21104', 1, 7, 5 ),
 ( '2110407', 1, 'Exención IVA', '21104', 1, 7, 5 ),
 ( '2110408', 1, 'Otras Cuentas x Pagar', '21104', 1, 7, 5 ),
 ( '2110409', 1, 'Retención ISR Asalariados Hábitat Comunitario', '21104', 1, 7, 5 ),
 ( '2110410', 1, 'Mano de Obra x Pagar Sistema de Agua Santa Clara', '21104', 1, 7, 5 ),
 ( '2110411', 1, 'Mano de Obra x Pagar Sistema de Agua Xecoyeu', '21104', 1, 7, 5 ),
 ( '2110412', 1, 'Mano de Obra x Pagar Techo Recolector Santa Clara', '21104', 1, 7, 5 ),
 ( '2110413', 1, 'Mano de Obra x Pagar Techo Recolector Xecoyeu', '21104', 1, 7, 5 ),
 ( '2110414', 1, 'Mano de Obra x Pagar Sistema de recolección y almacenamiento de Agua Sta. Clara', '21104', 1, 7, 5 ),
 ( '2110415', 1, 'Mano de Obra x Pagar Sistema de recolección y almacenamiento de Agua Xecoyeu', '21104', 1, 7, 5 ),
 ( '2110416', 1, 'Mano de Obra x Pagar Estufas ahorradoras leña (Sta Clara)', '21104', 1, 7, 5 ),
 ( '2110417', 1, 'Mano de Obra x Pagar Estufas ahorradoras leña (Xecoyeu)', '21104', 1, 7, 5 ),
 ( '2110418', 1, 'Mano de Obra x Pagar Letrinas Santa Clara', '21104', 1, 7, 5 ),
 ( '2110419', 1, 'Mano de Obra x Pagar Letrinas Xecoyeu', '21104', 1, 7, 5 ),
 ( '2110420', 1, 'Mano de Obra x Pagar Pilas Santa Clara', '21104', 1, 7, 5 ),
 ( '2110421', 1, 'Mano de Obra x Pagar Pilas Xecoyeu', '21104', 1, 7, 5 ),
 ( '2110422', 1, 'Mano de Obra x Pagar Sumideros Santa Clara', '21104', 1, 7, 5 ),
 ( '2110423', 1, 'Mano de Obra x Pagar Sumideros Xecoyeu', '21104', 1, 7, 5 ),
 ( '2110424', 1, 'Mano de Obra x Pagar Composteras Santa Clara', '21104', 1, 7, 5 ),
 ( '2110425', 1, 'Mano de Obra x Pagar Composteras Xecoyeu', '21104', 1, 7, 5 ),
 ( '2110426', 1, 'Mano de Obra x Pagar Construcción Escuela Santa Clara', '21104', 1, 7, 5 ),
 ( '2110427', 1, 'Mano de Obra x Pagar Construcción Escuela Xecoyeu', '21104', 1, 7, 5 ),
 ( '2110428', 1, 'Mano Obra x Pagar Personal de Campo', '21104', 1, 7, 5 ),
 ( '21105', 1, 'Cuentas x Pagar  Otros Proyectos', '211', 0, 7, 4 ),
 ( '2110501', 1, 'Cuentas x Pagar a Proyectos', '21105', 1, 7, 5 ),
 ( '2110502', 1, 'Cuentas x Pagar a FGT', '21105', 1, 7, 5 ),
 ( '2110503', 1, 'Cuentas x Pagar a Proveedores', '21105', 1, 7, 5 ),
 ( '2110504', 1, 'Retención Igss Laboral', '21105', 1, 7, 5 ),
 ( '2110505', 1, 'Impuestos x Pagar', '21105', 1, 7, 5 ),
 ( '2110506', 1, 'Reintegro de Excedentes  Liquidaciones x Pagar', '21105', 1, 7, 5 ),
 ( '2110507', 1, 'Otras Cuentas x Pagar', '21105', 1, 7, 5 ),
 ( '2110508', 1, 'Retención ISR Asalariados Otros Proyectos', '21105', 1, 7, 5 ),
 ( '22', 1, 'NO CORRIENTE', '2', 0, 7, 2 ),
 ( '221', 1, 'Prestaciones x Pagar', '22', 0, 7, 3 ),
 ( '22101', 1, 'Prestaciones x Pagar FGT', '221', 0, 7, 4 ),
 ( '2210101', 1, 'Indeminización x Pagar', '22101', 1, 7, 5 ),
 ( '2210102', 1, 'Bono 14 x Pagar', '22101', 1, 7, 5 ),
 ( '2210103', 1, 'Aguinaldo x Pagar', '22101', 1, 7, 5 ),
 ( '2210104', 1, 'Prestaciones Años Anteriores', '22101', 1, 7, 5 ),
 ( '2210105', 1, 'Intereses Laborales Devengados', '22101', 1, 7, 5 ),
 ( '222', 1, 'Hipotecas', '22', 0, 7, 3 ),
 ( '22201', 1, 'Prestámos Hipotecarios FGT', '222', 0, 7, 4 ),
 ( '2220101', 1, 'Préstamo Hipotecario a Largo Plazo/ Bantrab', '22201', 1, 7, 5 ),
 ( '2220102', 1, 'Préstamo Financiera Occidente', '22201', 1, 7, 5 ),
 ( '3', 1, 'Patrimonio', null, 0, 2, 1 ),
 ( '31', 1, 'Patrimonio FGT', '3', 0, 2, 2 ),
 ( '311', 1, 'Aporte de Fundadores', '31', 1, 2, 3 ),
 ( '312', 1, 'Excedentes Capitalizados', '31', 1, 2, 3 ),
 ( '313', 1, 'Donaciones en activos fijos', '31', 1, 2, 3 ),
 ( '314', 1, 'Resultados del Ejercicio', '31', 1, 2, 3 ),
 ( '4', 1, 'INGRESOS', null, 0, 4, 1 ),
 ( '41', 1, 'Donaciones', '4', 0, 4, 2 ),
 ( '411', 1, 'Donaciones FGT', '41', 0, 4, 3 ),
 ( '41101', 1, 'Donaciones Nacionales', '411', 1, 4, 4 ),
 ( '41102', 1, 'Donaciones Internacionales', '411', 1, 4, 4 ),
 ( '41103', 1, 'Donaciones Personales (Varias)', '411', 1, 4, 4 ),
 ( '41104', 1, 'Fondo Institucional', '411', 1, 4, 4 ),
 ( '41105', 1, 'Gestión Financiera', '411', 0, 4, 4 ),
 ( '4110501', 1, 'Intereses monetarios', '41105', 1, 4, 5 ),
 ( '4110502', 1, 'Intereses banca corporativa', '41105', 1, 4, 5 ),
 ( '4110503', 1, 'Diferencial cambiario', '41105', 1, 4, 5 ),
 ( '4110504', 1, 'Intereses sobre inversiones', '41105', 1, 4, 5 ),
 ( '4110505', 1, 'Otros Ingresos', '41105', 1, 4, 5 ),
 ( '41106', 1, 'Otros Ingresos', '411', 0, 4, 4 ),
 ( '4110601', 1, 'Reintegro de Gastos', '41106', 1, 4, 5 ),
 ( '4110602', 1, 'Fotocopias', '41106', 1, 4, 5 ),
 ( '4110603', 1, 'Uso de Vehiculo', '41106', 1, 4, 5 ),
 ( '4110604', 1, 'Revaluación de Activos', '41106', 1, 4, 5 ),
 ( '412', 1, 'Donaciones Desarrollo Local', '41', 0, 4, 3 ),
 ( '41201', 1, 'Donaciones Nacionales', '412', 1, 4, 4 ),
 ( '41202', 1, 'Donaciones Internacionales', '412', 1, 4, 4 ),
 ( '41203', 1, 'Gestión Financiera', '412', 0, 4, 4 ),
 ( '4120301', 1, 'Intereses monetarios', '41203', 1, 4, 5 );
INSERT INTO `tbl_cuenta` ( ID, CATALOGO, NOMBRE, PADRE, DETALLE, GRUPO, NIVEL ) VALUES
 ( '41204', 1, 'Aporte FGT', '412', 1, 4, 4 ),
 ( '41205', 1, 'Saldo años anteriores', '412', 1, 4, 4 ),
 ( '41206', 1, 'Aporte Contrapartida', '412', 1, 4, 4 ),
 ( '413', 1, 'Donaciones Tierra y Desarrollo Rural', '41', 0, 4, 3 ),
 ( '41301', 1, 'Donaciones Nacionales', '413', 1, 4, 4 ),
 ( '41302', 1, 'Donaciones Internacionales', '413', 1, 4, 4 ),
 ( '41303', 1, 'Gestión Financiera', '413', 0, 4, 4 ),
 ( '4130301', 1, 'Intereses monetarios', '41303', 1, 4, 5 ),
 ( '41304', 1, 'Aporte FGT', '413', 1, 4, 4 ),
 ( '41305', 1, 'Saldos Años Anteriores', '413', 1, 4, 4 ),
 ( '41306', 1, 'Aporte Contrapartida', '413', 1, 4, 4 ),
 ( '414', 1, 'Donaciones Programa de Vivienda', '41', 0, 4, 3 ),
 ( '41401', 1, 'Donaciones Nacionales', '414', 1, 4, 4 ),
 ( '41402', 1, 'Donaciones Internacionales', '414', 1, 4, 4 ),
 ( '41403', 1, 'Gestión Financiera', '414', 0, 4, 4 ),
 ( '4140301', 1, 'Intereses monetarios', '41403', 1, 4, 5 ),
 ( '41404', 1, 'Aporte FGT', '414', 1, 4, 4 ),
 ( '41405', 1, 'Aporte Contrapartida', '414', 1, 4, 4 ),
 ( '415', 1, 'Donaciones Otros Proyectos', '41', 0, 4, 3 ),
 ( '41501', 1, 'Donaciones Nacionales', '415', 1, 4, 4 ),
 ( '41502', 1, 'Donaciones Internacionales', '415', 1, 4, 4 ),
 ( '41503', 1, 'Gestión Financiera', '415', 0, 4, 4 ),
 ( '4150301', 1, 'Intereses monetarios', '41503', 1, 4, 5 ),
 ( '41504', 1, 'Aporte FGT', '415', 1, 4, 4 ),
 ( '41505', 1, 'Donacion por Libros', '415', 1, 4, 4 ),
 ( '41506', 1, 'Donaciones Varias', '415', 1, 4, 4 ),
 ( '41507', 1, 'Aporte Contrapartida', '415', 1, 4, 4 ),
 ( '5', 1, 'EGRESOS', null, 0, 3, 1 ),
 ( '51', 1, 'EGRESOS FGT', '5', 0, 3, 2 ),
 ( '511', 1, 'Personal', '51', 0, 3, 3 ),
 ( '51101', 1, 'Sueldos y Salarios', '511', 0, 3, 4 ),
 ( '5110101', 1, 'Sueldos Ordinarios', '51101', 0, 3, 5 ),
 ( '511010101', 1, 'Dirección General', '5110101', 1, 3, 6 ),
 ( '511010102', 1, 'Dirección Ejecutiva', '5110101', 1, 3, 6 ),
 ( '511010103', 1, 'Desarrollo Local', '5110101', 1, 3, 6 ),
 ( '511010104', 1, 'Tierra y Desarrollo Rural', '5110101', 1, 3, 6 ),
 ( '511010105', 1, 'Hábitat Comunitario', '5110101', 1, 3, 6 ),
 ( '511010106', 1, 'Administración y Finanzas', '5110101', 1, 3, 6 ),
 ( '511010107', 1, 'Gestión', '5110101', 1, 3, 6 ),
 ( '511010108', 1, 'Asistente Dirección General', '5110101', 1, 3, 6 ),
 ( '5110102', 1, 'Bonificaciones', '51101', 0, 3, 5 ),
 ( '511010201', 1, 'Dirección General', '5110102', 1, 3, 6 ),
 ( '511010202', 1, 'Dirección Ejecutiva', '5110102', 1, 3, 6 ),
 ( '511010203', 1, 'Desarrollo Local', '5110102', 1, 3, 6 ),
 ( '511010204', 1, 'Tierra y Desarrollo Rural', '5110102', 1, 3, 6 ),
 ( '511010205', 1, 'Hábitat Comunitario', '5110102', 1, 3, 6 ),
 ( '511010206', 1, 'Administración y Finanzas', '5110102', 1, 3, 6 ),
 ( '511010207', 1, 'Gestión', '5110102', 1, 3, 6 ),
 ( '511010208', 1, 'Asistente Dirección General', '5110102', 1, 3, 6 ),
 ( '5110103', 1, 'Prestaciones Laborales', '51101', 0, 3, 5 ),
 ( '511010301', 1, 'Indenminización', '5110103', 1, 3, 6 ),
 ( '511010302', 1, 'Bono 14', '5110103', 1, 3, 6 ),
 ( '511010303', 1, 'Aguinaldo', '5110103', 1, 3, 6 ),
 ( '511010304', 1, 'Vacaciones', '5110103', 1, 3, 6 ),
 ( '5110104', 1, 'Seguro Médico', '51101', 1, 3, 5 ),
 ( '5110105', 1, 'Cuota Patronal IGSS', '51101', 1, 3, 5 ),
 ( '5110106', 1, 'Vacaciones', '51101', 1, 3, 5 ),
 ( '51102', 1, 'Honorarios', '511', 0, 3, 4 ),
 ( '5110201', 1, 'Personal x Servicios', '51102', 1, 3, 5 ),
 ( '5110202', 1, 'Consultorias-Asesorias', '51102', 1, 3, 5 ),
 ( '5110203', 1, 'Auditoria', '51102', 1, 3, 5 ),
 ( '51103', 1, 'Gastos de Personal', '511', 0, 3, 4 ),
 ( '5110301', 1, 'Apoyo a Personal', '51103', 1, 3, 5 ),
 ( '512', 1, 'Equipo Materiales y Suministros', '51', 0, 3, 3 ),
 ( '51201', 1, 'Papeleria y Utiles', '512', 1, 3, 4 ),
 ( '51202', 1, 'Impresos', '512', 1, 3, 4 ),
 ( '51203', 1, 'Libros y Documentos', '512', 1, 3, 4 ),
 ( '51204', 1, 'Suministrosy  Reuniones', '512', 1, 3, 4 ),
 ( '51205', 1, 'Convivio y Festividades', '512', 1, 3, 4 ),
 ( '51206', 1, 'Cafeteria', '512', 1, 3, 4 ),
 ( '51207', 1, 'Membresías', '512', 1, 3, 4 ),
 ( '513', 1, 'Viajes Estancias y Dietas', '51', 0, 3, 3 ),
 ( '51301', 1, 'Viáticos', '513', 0, 3, 4 ),
 ( '5130101', 1, 'Dirección General', '51301', 1, 3, 5 ),
 ( '5130102', 1, 'Dirección Ejecutiva', '51301', 1, 3, 5 ),
 ( '5130103', 1, 'Administración y Finanzas', '51301', 1, 3, 5 ),
 ( '5130104', 1, 'Mensajeria', '51301', 1, 3, 5 ),
 ( '5130105', 1, 'Gestión', '51301', 1, 3, 5 ),
 ( '5130106', 1, 'Asistente Dirección', '51301', 1, 3, 5 ),
 ( '51302', 1, 'Convivio y Festividades', '513', 1, 3, 4 ),
 ( '51303', 1, 'Reuniones y Asamblea', '513', 1, 3, 4 ),
 ( '514', 1, 'Gastos de Funcionamiento', '51', 0, 3, 3 ),
 ( '51401', 1, 'Oficina Central', '514', 0, 3, 4 ),
 ( '5140101', 1, 'Servicios (electricidad, agua, seguridad)', '51401', 1, 3, 5 ),
 ( '5140102', 1, 'Comunicaciones', '51401', 1, 3, 5 ),
 ( '5140103', 1, 'Mantenimiento de Oficina', '51401', 1, 3, 5 ),
 ( '5140104', 1, 'Mantenimiento de Mobiliario y Equipos', '51401', 1, 3, 5 ),
 ( '51402', 1, 'Oficinas Regionales', '514', 0, 3, 4 ),
 ( '5140201', 1, 'Servicios (agua, luz)', '51402', 1, 3, 5 ),
 ( '5140202', 1, 'Comunicaciones', '51402', 1, 3, 5 ),
 ( '5140203', 1, 'Mantenimiento de Oficina', '51402', 1, 3, 5 ),
 ( '5140204', 1, 'Mantenimiento de Mobiliario y Equipos', '51402', 1, 3, 5 ),
 ( '5140205', 1, 'Alquileres de Oficinas', '51402', 1, 3, 5 ),
 ( '51403', 1, 'Gastos de Vehículos', '514', 0, 3, 4 ),
 ( '5140301', 1, 'Combustible y Mantenimiento', '51403', 1, 3, 5 ),
 ( '5140302', 1, 'Seguros Vehículos', '51403', 1, 3, 5 ),
 ( '5140303', 1, 'Alquiler Vehículos', '51403', 1, 3, 5 ),
 ( '5140304', 1, 'Parqueo', '51403', 1, 3, 5 ),
 ( '515', 1, 'Otros Gastos Institucionales', '51', 0, 3, 3 ),
 ( '51501', 1, 'Aporte a Proyectos', '515', 0, 3, 4 );
INSERT INTO `tbl_cuenta` ( ID, CATALOGO, NOMBRE, PADRE, DETALLE, GRUPO, NIVEL ) VALUES
 ( '5150101', 1, 'Desarrollo Local', '51501', 1, 3, 5 ),
 ( '5150102', 1, 'Tierra y Desarrollo Rural', '51501', 1, 3, 5 ),
 ( '5150103', 1, 'Hábitat Comunitario', '51501', 1, 3, 5 ),
 ( '5150104', 1, 'Otros Proyectos', '51501', 1, 3, 5 ),
 ( '51502', 1, 'Impuestos y Contribuciones', '515', 1, 3, 4 ),
 ( '51503', 1, 'Gastos Financieros Bancarios', '515', 0, 3, 4 ),
 ( '5150301', 1, 'Intereses x Préstamos', '51503', 1, 3, 5 ),
 ( '5150302', 1, 'Gastos Bancarios', '51503', 1, 3, 5 ),
 ( '5150303', 1, 'Gastos Legales', '51503', 1, 3, 5 ),
 ( '5150304', 1, 'Diferencia Cambiario', '51503', 1, 3, 5 ),
 ( '51504', 1, 'Depreciaciones', '515', 0, 3, 4 ),
 ( '5150401', 1, 'Depreciación mobiliario y equipo', '51504', 1, 3, 5 ),
 ( '5150402', 1, 'Depreciación equipo de computo y software', '51504', 1, 3, 5 ),
 ( '5150403', 1, 'Depreciación vehículos', '51504', 1, 3, 5 ),
 ( '5150404', 1, 'Depreciación Equipo de Comunicación y Geografía', '51504', 1, 3, 5 ),
 ( '5150405', 1, 'Depreciación maquinaria', '51504', 1, 3, 5 ),
 ( '51505', 1, 'Devaluación de Activos', '515', 1, 3, 4 ),
 ( '52', 1, 'EGRESOS DESARROLLO LOCAL', '5', 0, 3, 2 ),
 ( '521', 1, 'Personal', '52', 0, 3, 3 ),
 ( '52101', 1, 'Sueldos y Salarios', '521', 0, 3, 4 ),
 ( '5210101', 1, 'Sueldos ordinarios', '52101', 0, 3, 5 ),
 ( '521010101', 1, 'Personal de Proyecto', '5210101', 1, 3, 6 ),
 ( '521010102', 1, 'Personal Administrativo', '5210101', 1, 3, 6 ),
 ( '521010103', 1, 'Dirección Ejecutiva', '5210101', 1, 3, 6 ),
 ( '5210102', 1, 'Bonificaciones', '52101', 0, 3, 5 ),
 ( '521010201', 1, 'Personal de Proyectos', '5210102', 1, 3, 6 ),
 ( '521010202', 1, 'Personal Administrativo', '5210102', 1, 3, 6 ),
 ( '521010203', 1, 'Dirección Ejecutiva', '5210102', 1, 3, 6 ),
 ( '5210103', 1, 'Prestaciones Laborales', '52101', 0, 3, 5 ),
 ( '521010301', 1, 'Personal de Proyectos', '5210103', 1, 3, 6 ),
 ( '521010302', 1, 'Personal Administrativo', '5210103', 1, 3, 6 ),
 ( '521010303', 1, 'Dirección Ejecutiva', '5210103', 1, 3, 6 ),
 ( '5210104', 1, 'Seguro Médico', '52101', 1, 3, 5 ),
 ( '5210105', 1, 'IGSS Cuota Patronal', '52101', 0, 3, 5 ),
 ( '521010501', 1, 'Personal de Proyectos', '5210105', 1, 3, 6 ),
 ( '521010502', 1, 'Personal Administrativo', '5210105', 1, 3, 6 ),
 ( '521010503', 1, 'Dirección Ejecutiva', '5210105', 1, 3, 6 ),
 ( '52102', 1, 'Honorarios', '521', 0, 3, 4 ),
 ( '5210201', 1, 'Personal x Servicios', '52102', 1, 3, 5 ),
 ( '5210202', 1, 'Consultorias', '52102', 1, 3, 5 ),
 ( '5210203', 1, 'Diágnosticos', '52102', 1, 3, 5 ),
 ( '5210204', 1, 'Diseños', '52102', 1, 3, 5 ),
 ( '5210205', 1, 'Asesorias', '52102', 1, 3, 5 ),
 ( '5210206', 1, 'Grupos Artisticos', '52102', 1, 3, 5 ),
 ( '5210207', 1, 'Facilitadores', '52102', 1, 3, 5 ),
 ( '5210208', 1, 'Evaluaciones', '52102', 1, 3, 5 ),
 ( '5210209', 1, 'Auditorias', '52102', 1, 3, 5 ),
 ( '522', 1, 'Equipo Materiales y Suministros', '52', 0, 3, 3 ),
 ( '52201', 1, 'Equipo', '522', 0, 3, 4 ),
 ( '5220101', 1, 'Alquiler de Equipos', '52201', 1, 3, 5 ),
 ( '5220102', 1, 'Equipos para Actividades Productivas', '52201', 1, 3, 5 ),
 ( '5220103', 1, 'Equipos para Actividades Ambientales', '52201', 1, 3, 5 ),
 ( '5220104', 1, 'Equipo de Computo', '52201', 1, 3, 5 ),
 ( '5220105', 1, 'Mobiliario y Equipo', '52201', 1, 3, 5 ),
 ( '5220106', 1, 'Vehículos', '52201', 1, 3, 5 ),
 ( '5220107', 1, 'Equipos y Medicamentos Salud', '52201', 1, 3, 5 ),
 ( '52202', 1, 'Materiales', '522', 0, 3, 4 ),
 ( '5220201', 1, 'Material para Capacitación', '52202', 1, 3, 5 ),
 ( '5220202', 1, 'Material Documentación de Mujeres', '52202', 1, 3, 5 ),
 ( '5220203', 1, 'Reproducción de Material', '52202', 1, 3, 5 ),
 ( '5220204', 1, 'Fotocopias', '52202', 1, 3, 5 ),
 ( '5220205', 1, 'Papelería  y Utiles', '52202', 1, 3, 5 ),
 ( '5220206', 1, 'Materiales para Alfabetización', '52202', 1, 3, 5 ),
 ( '5220207', 1, 'Construcciones', '52202', 1, 3, 5 ),
 ( '5220208', 1, 'Insumos para Actividades Productivas', '52202', 1, 3, 5 ),
 ( '5220209', 1, 'Insumos para Actividades Ambientales', '52202', 1, 3, 5 ),
 ( '5220210', 1, 'Becas', '52202', 1, 3, 5 ),
 ( '5220211', 1, 'Suministros de Computación', '52202', 1, 3, 5 ),
 ( '523', 1, 'Viajes, Estancias y Dietas', '52', 0, 3, 3 ),
 ( '52301', 1, 'Viáticos Personal de Proyectos', '523', 0, 3, 4 ),
 ( '5230101', 1, 'Directora Desarrollo Local', '52301', 1, 3, 5 ),
 ( '5230102', 1, 'Coordinadores', '52301', 1, 3, 5 ),
 ( '5230103', 1, 'Técnicos', '52301', 1, 3, 5 ),
 ( '5230104', 1, 'Promotores', '52301', 1, 3, 5 ),
 ( '5230105', 1, 'Logístas', '52301', 1, 3, 5 ),
 ( '5230106', 1, 'Facilitadores', '52301', 1, 3, 5 ),
 ( '52302', 1, 'Viáticos  Participantes en Actividades', '523', 0, 3, 4 ),
 ( '5230201', 1, 'Encuentros', '52302', 1, 3, 5 ),
 ( '5230202', 1, 'Talleres de Capacitación', '52302', 1, 3, 5 ),
 ( '5230203', 1, 'Diplomados', '52302', 1, 3, 5 ),
 ( '5230204', 1, 'Documentación Mujeres', '52302', 1, 3, 5 ),
 ( '5230205', 1, 'Dietas para Alfabetizadores', '52302', 1, 3, 5 ),
 ( '5230206', 1, 'Campañas', '52302', 1, 3, 5 ),
 ( '5230207', 1, 'Reuniones', '52302', 1, 3, 5 ),
 ( '5230208', 1, 'Evaluaciones', '52302', 1, 3, 5 ),
 ( '5230209', 1, 'Guarderia', '52302', 1, 3, 5 ),
 ( '5230210', 1, 'Seminarios', '52302', 1, 3, 5 ),
 ( '5230211', 1, 'Actividades Ambientales', '52302', 1, 3, 5 ),
 ( '5230212', 1, 'Actividades Productivas', '52302', 1, 3, 5 ),
 ( '5230213', 1, 'Pasantias', '52302', 1, 3, 5 ),
 ( '524', 1, 'Funcionamiento', '52', 0, 3, 3 ),
 ( '52401', 1, 'Oficina Central', '524', 0, 3, 4 ),
 ( '5240101', 1, 'Servicios (electricidad, agua, seguridad)', '52401', 1, 3, 5 ),
 ( '5240102', 1, 'Comunicaciones', '52401', 1, 3, 5 ),
 ( '5240103', 1, 'Mantenimiento Oficina', '52401', 1, 3, 5 ),
 ( '5240104', 1, 'Mantenimiento de Mobiliario y Equipos', '52401', 1, 3, 5 ),
 ( '52402', 1, 'Oficinas Regionales', '524', 0, 3, 4 ),
 ( '5240201', 1, 'Servicios (electricidad, agua, seguridad)', '52402', 1, 3, 5 ),
 ( '5240202', 1, 'Comunicaciones', '52402', 1, 3, 5 ),
 ( '5240203', 1, 'Mantenimiento Oficina', '52402', 1, 3, 5 );
INSERT INTO `tbl_cuenta` ( ID, CATALOGO, NOMBRE, PADRE, DETALLE, GRUPO, NIVEL ) VALUES
 ( '5240204', 1, 'Mantenimiento de Mobiliario y Equipos', '52402', 1, 3, 5 ),
 ( '5240205', 1, 'Alquiler de Oficinas', '52402', 1, 3, 5 ),
 ( '52403', 1, 'Gastos de Vehículos', '524', 0, 3, 4 ),
 ( '5240301', 1, 'Combustible y Mantenimiento', '52403', 1, 3, 5 ),
 ( '5240302', 1, 'Seguros de Vehículos', '52403', 1, 3, 5 ),
 ( '5240303', 1, 'Alquiler de Vehículos', '52403', 1, 3, 5 ),
 ( '5240304', 1, 'Depreciación de Vehículos', '52403', 1, 3, 5 ),
 ( '525', 1, 'Visibilización', '52', 0, 3, 3 ),
 ( '52501', 1, 'Programas Radiales', '525', 1, 3, 4 ),
 ( '52502', 1, 'Anuncios', '525', 1, 3, 4 ),
 ( '52503', 1, 'Publicaciones', '525', 1, 3, 4 ),
 ( '52504', 1, 'Rotulos', '525', 1, 3, 4 ),
 ( '52505', 1, 'Mantas', '525', 1, 3, 4 ),
 ( '52506', 1, 'Playeras', '525', 1, 3, 4 ),
 ( '52507', 1, 'Vallas', '525', 1, 3, 4 ),
 ( '52508', 1, 'Murales', '525', 1, 3, 4 ),
 ( '52509', 1, 'Documentales', '525', 1, 3, 4 ),
 ( '526', 1, 'Gastos Indirectos', '52', 0, 3, 3 ),
 ( '52601', 1, 'Administración de Proyecto', '526', 1, 3, 4 ),
 ( '527', 1, 'Gastos Financieros', '52', 0, 3, 3 ),
 ( '52701', 1, 'Gastos Bancarios', '527', 1, 3, 4 ),
 ( '53', 1, 'EGRESOS TIERRA Y DESARROLLO RURAL', '5', 0, 3, 2 ),
 ( '531', 1, 'Personal', '53', 0, 3, 3 ),
 ( '53101', 1, 'Sueldos y Salarios', '531', 0, 3, 4 ),
 ( '5310101', 1, 'Sueldos ordinarios', '53101', 0, 3, 5 ),
 ( '531010101', 1, 'Personal de Proyecto', '5310101', 1, 3, 6 ),
 ( '531010102', 1, 'Personal Administrativo', '5310101', 1, 3, 6 ),
 ( '531010103', 1, 'Dirección Ejecutiva', '5310101', 1, 3, 6 ),
 ( '5310102', 1, 'Bonificaciones', '53101', 0, 3, 5 ),
 ( '531010201', 1, 'Personal de Proyectos', '5310102', 1, 3, 6 ),
 ( '531010202', 1, 'Personal Administrativo', '5310102', 1, 3, 6 ),
 ( '531010203', 1, 'Dirección Ejecutiva', '5310102', 1, 3, 6 ),
 ( '5310103', 1, 'Prestaciones Laborales', '53101', 0, 3, 5 ),
 ( '531010301', 1, 'Personal de Proyectos', '5310103', 1, 3, 6 ),
 ( '531010302', 1, 'Personal Administrativo', '5310103', 1, 3, 6 ),
 ( '531010303', 1, 'Dirección Ejecutiva', '5310103', 1, 3, 6 ),
 ( '5310104', 1, 'Seguro Médico', '53101', 1, 3, 5 ),
 ( '5310105', 1, 'Cuota Patronal IGSS', '53101', 0, 3, 5 ),
 ( '531010501', 1, 'Personal de Proyecto', '5310105', 1, 3, 6 ),
 ( '531010502', 1, 'Personal Administrativo', '5310105', 1, 3, 6 ),
 ( '531010503', 1, 'Dirección Ejecutiva', '5310105', 1, 3, 6 ),
 ( '53102', 1, 'Honorarios', '531', 0, 3, 4 ),
 ( '5310201', 1, 'Personal x Servicios', '53102', 1, 3, 5 ),
 ( '5310202', 1, 'Consultorias', '53102', 1, 3, 5 ),
 ( '5310203', 1, 'Diágnosticos', '53102', 1, 3, 5 ),
 ( '5310204', 1, 'Diseños', '53102', 1, 3, 5 ),
 ( '5310205', 1, 'Asesorias', '53102', 1, 3, 5 ),
 ( '532', 1, 'Equipo Materiales y Suministros', '53', 0, 3, 3 ),
 ( '53201', 1, 'Equipo', '532', 0, 3, 4 ),
 ( '5320101', 1, 'Alquiler de Equipos', '53201', 1, 3, 5 ),
 ( '5320102', 1, 'Equipos para Actividades Productivas', '53201', 1, 3, 5 ),
 ( '5320103', 1, 'Equipos para Actividades de Gestión de Riesgo', '53201', 1, 3, 5 ),
 ( '5320104', 1, 'Equipo de Computo', '53201', 1, 3, 5 ),
 ( '5320105', 1, 'Mobiliario y Equipo', '53201', 1, 3, 5 ),
 ( '5320106', 1, 'Vehículos', '53201', 1, 3, 5 ),
 ( '5320107', 1, 'Planta Eléctrica', '53201', 1, 3, 5 ),
 ( '5320108', 1, 'Equipo de Comunicación', '53201', 1, 3, 5 ),
 ( '53202', 1, 'Materiales', '532', 0, 3, 4 ),
 ( '5320201', 1, 'Material para Capacitación', '53202', 1, 3, 5 ),
 ( '5320202', 1, 'Reproducción de Material', '53202', 1, 3, 5 ),
 ( '5320203', 1, 'Fotocopias', '53202', 1, 3, 5 ),
 ( '5320204', 1, 'Papelería  y Utiles', '53202', 1, 3, 5 ),
 ( '5320205', 1, 'Materiales para Alfabetización', '53202', 1, 3, 5 ),
 ( '5320206', 1, 'Construcciones', '53202', 1, 3, 5 ),
 ( '5320207', 1, 'Insumos para Actividades Productivas', '53202', 1, 3, 5 ),
 ( '5320208', 1, 'Insumos para Actividades de Gestión de Riesgo', '53202', 1, 3, 5 ),
 ( '5320209', 1, 'Insumos por Emergencia Desastres Naturales', '53202', 1, 3, 5 ),
 ( '5320210', 1, 'Suministros de Computación', '53202', 1, 3, 5 ),
 ( '5320211', 1, 'Vehículos', '53202', 1, 3, 5 ),
 ( '533', 1, 'Viajes, Estancias y Dietas', '53', 0, 3, 3 ),
 ( '53301', 1, 'Viáticos Personal de Proyectos', '533', 0, 3, 4 ),
 ( '5330101', 1, 'Director TDR', '53301', 1, 3, 5 ),
 ( '5330102', 1, 'Coordinadores', '53301', 1, 3, 5 ),
 ( '5330103', 1, 'Técnicos', '53301', 1, 3, 5 ),
 ( '5330104', 1, 'Promotores', '53301', 1, 3, 5 ),
 ( '5330105', 1, 'Logístas', '53301', 1, 3, 5 ),
 ( '5330106', 1, 'Facilitadores', '53301', 1, 3, 5 ),
 ( '5330107', 1, 'Personal Administrativo', '53301', 1, 3, 5 ),
 ( '53302', 1, 'Viáticos  Participantes en Actividades', '533', 0, 3, 4 ),
 ( '5330201', 1, 'Procesos Jurídicos Tierra', '53302', 1, 3, 5 ),
 ( '5330202', 1, 'Talleres de Capacitación Gestión de Riesgo', '53302', 1, 3, 5 ),
 ( '5330203', 1, 'Reuniones', '53302', 1, 3, 5 ),
 ( '5330204', 1, 'Asambleas Comunitarias', '53302', 1, 3, 5 ),
 ( '5330205', 1, 'Evaluaciones', '53302', 1, 3, 5 ),
 ( '5330206', 1, 'Acompañamiento de Familias', '53302', 1, 3, 5 ),
 ( '5330207', 1, 'Defensa de los Recursos Naturales', '533', 1, 3, 4 ),
 ( '534', 1, 'Funcionamiento', '53', 0, 3, 3 ),
 ( '53401', 1, 'Oficina Central', '534', 0, 3, 4 ),
 ( '5340101', 1, 'Servicios (electricidad, agua, seguridad)', '53401', 1, 3, 5 ),
 ( '5340102', 1, 'Comunicaciones', '53401', 1, 3, 5 ),
 ( '5340103', 1, 'Mantenimiento Oficina', '53401', 1, 3, 5 ),
 ( '5340104', 1, 'Mantenimiento de Mobiliario y Equipos', '53401', 1, 3, 5 ),
 ( '5340105', 1, 'Alquileres', '534', 1, 3, 4 ),
 ( '53402', 1, 'Oficinas Regionales', '534', 0, 3, 4 ),
 ( '5340201', 1, 'Servicios (electricidad, agua, seguridad)', '53402', 1, 3, 5 ),
 ( '5340202', 1, 'Comunicaciones', '53402', 1, 3, 5 ),
 ( '5340203', 1, 'Mantenimiento Oficina', '53402', 1, 3, 5 ),
 ( '5340204', 1, 'Mantenimiento de Mobiliario y Equipos', '53402', 1, 3, 5 ),
 ( '5340205', 1, 'Alquiler de Oficinas', '53402', 1, 3, 5 ),
 ( '5340206', 1, 'Alquiler Bodegas', '53402', 1, 3, 5 );
INSERT INTO `tbl_cuenta` ( ID, CATALOGO, NOMBRE, PADRE, DETALLE, GRUPO, NIVEL ) VALUES
 ( '53403', 1, 'Gastos de Vehículos', '534', 0, 3, 4 ),
 ( '5340301', 1, 'Combustible y Mantenimiento', '53403', 1, 3, 5 ),
 ( '5340302', 1, 'Seguros de Vehículos', '53403', 1, 3, 5 ),
 ( '5340303', 1, 'Alquiler de Vehículos', '53403', 1, 3, 5 ),
 ( '5340304', 1, 'Depreciación de Vehículos', '53403', 1, 3, 5 ),
 ( '535', 1, 'Visibilización', '53', 0, 3, 3 ),
 ( '53501', 1, 'Programas Radiales', '535', 1, 3, 4 ),
 ( '53502', 1, 'Anuncios', '535', 1, 3, 4 ),
 ( '53503', 1, 'Publicaciones', '535', 1, 3, 4 ),
 ( '53504', 1, 'Rotulos', '535', 1, 3, 4 ),
 ( '53505', 1, 'Mantas', '535', 1, 3, 4 ),
 ( '53506', 1, 'Playeras', '535', 1, 3, 4 ),
 ( '53507', 1, 'Vallas', '535', 1, 3, 4 ),
 ( '53508', 1, 'Murales', '535', 1, 3, 4 ),
 ( '536', 1, 'Gastos Indirectos', '53', 0, 3, 3 ),
 ( '53601', 1, 'Administración de Proyecto', '536', 1, 3, 4 ),
 ( '537', 1, 'Gastos Financieros', '53', 0, 3, 3 ),
 ( '53701', 1, 'Gastos Bancarios', '537', 1, 3, 4 ),
 ( '54', 1, 'EGRESOS HABITAT COMUNITARIO', '5', 0, 3, 2 ),
 ( '541', 1, 'Personal', '54', 0, 3, 3 ),
 ( '54101', 1, 'Sueldos y Salarios', '541', 0, 3, 4 ),
 ( '5410101', 1, 'Sueldos ordinarios', '54101', 0, 3, 5 ),
 ( '541010101', 1, 'Personal de Proyecto', '5410101', 1, 3, 6 ),
 ( '541010102', 1, 'Personal Administrativo', '5410101', 1, 3, 6 ),
 ( '541010103', 1, 'Dirección Ejecutiva', '5410101', 1, 3, 6 ),
 ( '541010104', 1, 'Personal de Obra', '5410101', 1, 3, 6 ),
 ( '5410102', 1, 'Bonificaciones', '54101', 0, 3, 5 ),
 ( '541010201', 1, 'Personal de Proyectos', '5410102', 1, 3, 6 ),
 ( '541010202', 1, 'Personal Administrativo', '5410102', 1, 3, 6 ),
 ( '541010203', 1, 'Direción Ejecutiva', '5410102', 1, 3, 6 ),
 ( '5410103', 1, 'Prestaciones Laborales', '54101', 0, 3, 5 ),
 ( '541010301', 1, 'Personal de Proyectos', '5410103', 1, 3, 6 ),
 ( '541010302', 1, 'Personal Administrativo', '5410103', 1, 3, 6 ),
 ( '541010303', 1, 'Dirección Ejecutiva', '5410103', 1, 3, 6 ),
 ( '5410104', 1, 'Seguro Médico', '54101', 1, 3, 5 ),
 ( '5410105', 1, 'Cuota Patronal IGSS', '54101', 0, 3, 5 ),
 ( '541010501', 1, 'Personal de Proyectos', '5410105', 1, 3, 6 ),
 ( '541010502', 1, 'Pesonal Administrativo', '5410105', 1, 3, 6 ),
 ( '541010503', 1, 'Dirección Ejecutiva', '5410105', 1, 3, 6 ),
 ( '54102', 1, 'Honorarios', '541', 0, 3, 4 ),
 ( '5410201', 1, 'Personal x Servicios', '54102', 1, 3, 5 ),
 ( '5410202', 1, 'Consultorias', '54102', 1, 3, 5 ),
 ( '5410203', 1, 'Diágnosticos', '54102', 1, 3, 5 ),
 ( '5410204', 1, 'Diseños', '54102', 1, 3, 5 ),
 ( '5410205', 1, 'Asesorias', '54102', 1, 3, 5 ),
 ( '5410206', 1, 'Facilitadores', '54102', 1, 3, 5 ),
 ( '542', 1, 'Equipo Materiales y Suministros', '54', 0, 3, 3 ),
 ( '54201', 1, 'Equipo', '542', 0, 3, 4 ),
 ( '5420101', 1, 'Alquiler de Equipos', '54201', 1, 3, 5 ),
 ( '5420102', 1, 'Equipos para Actividades Productivas', '54201', 1, 3, 5 ),
 ( '5420103', 1, 'Equipos de construcción', '54201', 1, 3, 5 ),
 ( '5420104', 1, 'Equipo de Computo', '54201', 1, 3, 5 ),
 ( '5420105', 1, 'Mobiliario y Equipo', '54201', 1, 3, 5 ),
 ( '5420106', 1, 'Vehículos', '54201', 1, 3, 5 ),
 ( '5420107', 1, 'Equipo de Comunicación', '54201', 1, 3, 5 ),
 ( '5420108', 1, 'Planta Eléctrica', '54201', 1, 3, 5 ),
 ( '54202', 1, 'Materiales', '542', 0, 3, 4 ),
 ( '5420201', 1, 'Material para Capacitación', '54202', 1, 3, 5 ),
 ( '5420202', 1, 'Reproducción de Material', '54202', 1, 3, 5 ),
 ( '5420203', 1, 'Fotocopias', '54202', 1, 3, 5 ),
 ( '5420204', 1, 'Papelería  y Utiles', '54202', 1, 3, 5 ),
 ( '5420205', 1, 'Suministros de computación', '54202', 1, 3, 5 ),
 ( '5420206', 1, 'Construcción de viviendas', '54202', 1, 3, 5 ),
 ( '5420207', 1, 'Insumos para Actividades Productivas', '54202', 1, 3, 5 ),
 ( '5420208', 1, 'Insumos para Actividades de Saneamiento Básico Viviendas', '54202', 1, 3, 5 ),
 ( '5420209', 1, 'Insumos por Emergencias Desastres Naturales', '54202', 1, 3, 5 ),
 ( '543', 1, 'Construcción de Viviendas', '54', 0, 3, 3 ),
 ( '54301', 1, 'Materiales de Construcción', '543', 1, 3, 4 ),
 ( '54302', 1, 'Mano de Obra', '543', 1, 3, 4 ),
 ( '544', 1, 'Viajes, Estancias y Dietas', '54', 0, 3, 3 ),
 ( '54401', 1, 'Viáticos Personal de Proyecto', '544', 0, 3, 4 ),
 ( '5440101', 1, 'Director Programa Habitat', '54401', 1, 3, 5 ),
 ( '5440102', 1, 'Coordinadores', '54401', 1, 3, 5 ),
 ( '5440103', 1, 'Supervisores', '54401', 1, 3, 5 ),
 ( '5440104', 1, 'Técnicos', '54401', 1, 3, 5 ),
 ( '5440105', 1, 'Promotores', '54401', 1, 3, 5 ),
 ( '5440106', 1, 'Logistas', '54401', 1, 3, 5 ),
 ( '5440107', 1, 'Personal Administrativo', '54401', 1, 3, 5 ),
 ( '54402', 1, 'Viáticos Participantes Actividades', '544', 0, 3, 4 ),
 ( '5440201', 1, 'Talleres de Capacitación', '54402', 1, 3, 5 ),
 ( '5440202', 1, 'Formación a Participantes', '54402', 1, 3, 5 ),
 ( '545', 1, 'Funcionamiento', '54', 0, 3, 3 ),
 ( '54501', 1, 'Oficina Central', '545', 0, 3, 4 ),
 ( '5450101', 1, 'Servicios (electricidad,agua, seguridad)', '54501', 1, 3, 5 ),
 ( '5450102', 1, 'Comunicaciones', '54501', 1, 3, 5 ),
 ( '5450103', 1, 'Mantenimiento de Oficina', '54501', 1, 3, 5 ),
 ( '5450104', 1, 'Mantenimiento de Mobiliario y Equipos', '54501', 1, 3, 5 ),
 ( '54502', 1, 'Oficinas Regionales', '545', 0, 3, 4 ),
 ( '5450201', 1, 'Servicios (electricidad,agua, seguridad)', '54502', 1, 3, 5 ),
 ( '5450202', 1, 'Comunicaciones', '54502', 1, 3, 5 ),
 ( '5450203', 1, 'Mantenimiento Oficina', '54502', 1, 3, 5 ),
 ( '5450204', 1, 'Mantenimiento de Mobiliario y Equipos', '54502', 1, 3, 5 ),
 ( '5450205', 1, 'Alquiler de Oficinas', '54502', 1, 3, 5 ),
 ( '54503', 1, 'Gastos de Vehículos', '545', 0, 3, 4 ),
 ( '5450301', 1, 'Combustible y Mantenimiento', '54503', 1, 3, 5 ),
 ( '5450302', 1, 'Seguros de Vehículos', '54503', 1, 3, 5 ),
 ( '5450303', 1, 'Alquiler de Vehículos', '54503', 1, 3, 5 ),
 ( '5450304', 1, 'Depreciación de Vehículos', '54503', 1, 3, 5 ),
 ( '546', 1, 'Visibilización', '54', 0, 3, 3 ),
 ( '54601', 1, 'Programas Radiales', '546', 1, 3, 4 );
INSERT INTO `tbl_cuenta` ( ID, CATALOGO, NOMBRE, PADRE, DETALLE, GRUPO, NIVEL ) VALUES
 ( '54602', 1, 'Anuncios', '546', 1, 3, 4 ),
 ( '54603', 1, 'Publicaciones', '546', 1, 3, 4 ),
 ( '54604', 1, 'Rotulos', '546', 1, 3, 4 ),
 ( '54605', 1, 'Mantas', '546', 1, 3, 4 ),
 ( '54606', 1, 'Playeras', '546', 1, 3, 4 ),
 ( '54607', 1, 'Vallas', '546', 1, 3, 4 ),
 ( '54608', 1, 'Murales', '546', 1, 3, 4 ),
 ( '547', 1, 'Gastos Financieros', '54', 0, 3, 3 ),
 ( '54701', 1, 'Fianzas', '547', 1, 3, 4 ),
 ( '54702', 1, 'Renovación de Fianzas', '547', 1, 3, 4 ),
 ( '54703', 1, 'Costo préstamos bancarios', '547', 1, 3, 4 ),
 ( '54704', 1, 'Timbres, gastos legales de cobro', '547', 1, 3, 4 ),
 ( '54705', 1, 'Gestión de Fianzas y Cobros', '547', 1, 3, 4 ),
 ( '54706', 1, 'Gastos Bancarios', '547', 1, 3, 4 ),
 ( '548', 1, 'Gastos Indirectos', '54', 0, 3, 3 ),
 ( '54801', 1, 'Administración del Proyecto', '548', 1, 3, 4 ),
 ( '55', 1, 'EGRESOS OTROS PROYECTOS', '5', 0, 3, 2 ),
 ( '551', 1, 'Personal', '55', 0, 3, 3 ),
 ( '55101', 1, 'Sueldos y Salarios', '551', 0, 3, 4 ),
 ( '5510101', 1, 'Sueldos ordinarios', '55101', 0, 3, 5 ),
 ( '551010101', 1, 'Personal de Proyecto', '5510101', 1, 3, 6 ),
 ( '551010102', 1, 'Personal Administrativo', '5510101', 1, 3, 6 ),
 ( '5510102', 1, 'Bonificaciones', '55101', 0, 3, 5 ),
 ( '551010201', 1, 'Personal de Proyectos', '5510102', 1, 3, 6 ),
 ( '551010202', 1, 'Personal Administrativo', '5510102', 1, 3, 6 ),
 ( '5510103', 1, 'Prestaciones Laborales', '55101', 0, 3, 5 ),
 ( '551010301', 1, 'Personal de Proyectos', '5510103', 1, 3, 6 ),
 ( '551010302', 1, 'Personal Administrativo', '5510103', 1, 3, 6 ),
 ( '5510104', 1, 'Seguro Médico', '55101', 1, 3, 5 ),
 ( '5510105', 1, 'Cuota Patronal IGSS', '55101', 0, 3, 5 ),
 ( '551010501', 1, 'Personal de Proyectos', '5510105', 1, 3, 6 ),
 ( '551010502', 1, 'Personal Administrativo', '5510105', 1, 3, 6 ),
 ( '551010503', 1, 'Dirección Ejecutiva', '5510105', 1, 3, 6 ),
 ( '55102', 1, 'Honorarios', '551', 0, 3, 4 ),
 ( '5510201', 1, 'Personal x Servicios', '55102', 1, 3, 5 ),
 ( '5510202', 1, 'Consultorias', '55102', 1, 3, 5 ),
 ( '5510203', 1, 'Diágnosticos', '55102', 1, 3, 5 ),
 ( '5510204', 1, 'Diseños', '55102', 1, 3, 5 ),
 ( '5510205', 1, 'Asesorias', '55102', 1, 3, 5 ),
 ( '55103', 1, 'Gastos de Personal', '551', 0, 3, 4 ),
 ( '5510301', 1, 'Apoyo a Personal', '55103', 1, 3, 5 ),
 ( '552', 1, 'Equipo Materiales y Suministros', '55', 0, 3, 3 ),
 ( '55201', 1, 'Equipo', '552', 0, 3, 4 ),
 ( '5520101', 1, 'Alquiler de Equipos', '55201', 1, 3, 5 ),
 ( '5520102', 1, 'Equipos para Actividades Productivas', '55201', 1, 3, 5 ),
 ( '5520103', 1, 'Equipos para Actividades Ambientales', '55201', 1, 3, 5 ),
 ( '5520104', 1, 'Equipo de Computo', '55201', 1, 3, 5 ),
 ( '5520105', 1, 'Mobiliario y Equipo', '55201', 1, 3, 5 ),
 ( '5520106', 1, 'Vehículos', '55201', 1, 3, 5 ),
 ( '55202', 1, 'Materiales', '552', 0, 3, 4 ),
 ( '5520201', 1, 'Material para Capacitación', '55202', 1, 3, 5 ),
 ( '5520202', 1, 'Reproducción de Material', '55202', 1, 3, 5 ),
 ( '5520203', 1, 'Fotocopias', '55202', 1, 3, 5 ),
 ( '5520204', 1, 'Papelería  y Utiles', '55202', 1, 3, 5 ),
 ( '5520205', 1, 'Suministros de computación', '55202', 1, 3, 5 ),
 ( '553', 1, 'Viajes, Estancias y Dietas', '55', 0, 3, 3 ),
 ( '55301', 1, 'Viáticos Personal de Proyectos', '553', 0, 3, 4 ),
 ( '5530101', 1, 'Directores', '55301', 1, 3, 5 ),
 ( '5530102', 1, 'Coordinadores', '55301', 1, 3, 5 ),
 ( '5530103', 1, 'Técnicos', '55301', 1, 3, 5 ),
 ( '5530104', 1, 'Promotores', '55301', 1, 3, 5 ),
 ( '5530105', 1, 'Admon y Finanzas', '55301', 1, 3, 5 ),
 ( '55302', 1, 'Viáticos  Participantes en Actividades', '553', 0, 3, 4 ),
 ( '5530201', 1, 'Actividades a incorporados', '55302', 1, 3, 5 ),
 ( '5530202', 1, 'Exhumaciones', '55302', 1, 3, 5 ),
 ( '5530203', 1, 'Inhumaciones', '55302', 1, 3, 5 ),
 ( '5530204', 1, 'Catedráticos', '55302', 1, 3, 5 ),
 ( '5530205', 1, 'Defensa de los recursos naturales', '55302', 1, 3, 5 ),
 ( '5530206', 1, 'Formaciones', '55302', 1, 3, 5 ),
 ( '5530207', 1, 'Talleres de Capacitación', '55302', 1, 3, 5 ),
 ( '5530208', 1, 'Reuniones', '55302', 1, 3, 5 ),
 ( '5530209', 1, 'Encuentros', '55302', 1, 3, 5 ),
 ( '554', 1, 'Funcionamiento', '55', 0, 3, 3 ),
 ( '55401', 1, 'Oficina Central', '554', 0, 3, 4 ),
 ( '5540101', 1, 'Servicios (electricidad, agua, seguridad)', '55401', 1, 3, 5 ),
 ( '5540102', 1, 'Comunicaciones', '55401', 1, 3, 5 ),
 ( '5540103', 1, 'Mantenimiento Oficina', '55401', 1, 3, 5 ),
 ( '5540104', 1, 'Mantenimiento de Mobiliario y Equipos', '55401', 1, 3, 5 ),
 ( '55402', 1, 'Oficinas Regionales', '554', 0, 3, 4 ),
 ( '5540201', 1, 'Servicios (electricidad, agua, seguridad)', '55402', 1, 3, 5 ),
 ( '5540202', 1, 'Comunicaciones', '55402', 1, 3, 5 ),
 ( '5540203', 1, 'Mantenimiento Oficina', '55402', 1, 3, 5 ),
 ( '5540204', 1, 'Mantenimiento de Mobiliario y Equipos', '55402', 1, 3, 5 ),
 ( '5540205', 1, 'Alquiler de Oficinas', '55402', 1, 3, 5 ),
 ( '55403', 1, 'Gastos de Vehículos', '554', 0, 3, 4 ),
 ( '5540301', 1, 'Combustible y Mantenimiento', '55403', 1, 3, 5 ),
 ( '5540302', 1, 'Seguros de Vehículos', '55403', 1, 3, 5 ),
 ( '5540303', 1, 'Alquiler de Vehículos', '55403', 1, 3, 5 ),
 ( '5540304', 1, 'Depreciación de Vehículos', '55403', 1, 3, 5 ),
 ( '555', 1, 'Visibilización', '55', 0, 3, 3 ),
 ( '55501', 1, 'Programas Radiales', '555', 1, 3, 4 ),
 ( '55502', 1, 'Anuncios', '555', 1, 3, 4 ),
 ( '55503', 1, 'Publicaciones', '555', 1, 3, 4 ),
 ( '55504', 1, 'Rotulos', '555', 1, 3, 4 ),
 ( '55505', 1, 'Mantas', '555', 1, 3, 4 ),
 ( '55506', 1, 'Playeras', '555', 1, 3, 4 ),
 ( '55507', 1, 'Vallas', '555', 1, 3, 4 ),
 ( '55508', 1, 'Murales', '555', 1, 3, 4 ),
 ( '55509', 1, 'Videos-Audiovisuales', '555', 1, 3, 4 ),
 ( '55510', 1, 'Exposiciones Fotográficas', '555', 1, 3, 4 );
INSERT INTO `tbl_cuenta` ( ID, CATALOGO, NOMBRE, PADRE, DETALLE, GRUPO, NIVEL ) VALUES
 ( '556', 1, 'Gastos Indirectos', '55', 0, 3, 3 ),
 ( '55601', 1, 'Administración de Proyecto', '556', 1, 3, 4 ),
 ( '557', 1, 'Otros Gastos', '55', 0, 3, 3 ),
 ( '55701', 1, 'Aporte a Proyectos', '557', 1, 3, 4 ),
 ( '55702', 1, 'Gastos Legales', '557', 1, 3, 4 ),
 ( '55703', 1, 'Aporte a Fondo Propios', '557', 1, 3, 4 );

DROP TABLE IF EXISTS `tbl_grupo` CASCADE;

CREATE TABLE `tbl_grupo` (
  `id` int(11) NOT NULL AUTO_INCREMENT,
  `nombre` varchar(45) NOT NULL,
  `debe` tinyint(1) DEFAULT NULL COMMENT 'comportamiento de la cuenta:\ndebe = 1, haber = 0',
  `editable` tinyint(1) DEFAULT NULL,
  PRIMARY KEY (`id`)
) ENGINE=InnoDB AUTO_INCREMENT=8 DEFAULT CHARSET=utf8;

INSERT INTO `tbl_grupo` ( ID, NOMBRE, DEBE, EDITABLE ) VALUES
 ( 1, 'Activos', 1, 0 ),
 ( 2, 'Capital', 0, 0 ),
 ( 3, 'Gastos', 1, 0 ),
 ( 4, 'Ingresos', 0, 0 ),
 ( 5, 'Otros CR', 1, 0 ),
 ( 6, 'Otros DB', 0, 0 ),
 ( 7, 'Pasivos', 0, 0 );

DROP TABLE IF EXISTS `tbl_libro` CASCADE;

CREATE TABLE `tbl_libro` (
  `id` int(11) NOT NULL AUTO_INCREMENT,
  `contabilidad` int(11) NOT NULL,
  `nombre` varchar(45) DEFAULT NULL,
  `tipo` varchar(8) DEFAULT NULL,
  `editable` tinyint(1) DEFAULT '1',
  `prefijo_partida` varchar(10) DEFAULT NULL,
  `numero_partida` int(11) DEFAULT NULL,
  `lugares_partida` int(11) DEFAULT NULL,
  PRIMARY KEY (`id`,`contabilidad`),
  KEY `fk_tbl_libro_tbl_contabilidad1_idx` (`contabilidad`),
  CONSTRAINT `fk_tbl_libro_tbl_contabilidad1` FOREIGN KEY (`contabilidad`) REFERENCES `tbl_contabilidad` (`id`) ON DELETE CASCADE ON UPDATE CASCADE
) ENGINE=InnoDB AUTO_INCREMENT=3 DEFAULT CHARSET=utf8;

INSERT INTO `tbl_libro` ( ID, CONTABILIDAD, NOMBRE, TIPO, EDITABLE, PREFIJO_PARTIDA, NUMERO_PARTIDA, LUGARES_PARTIDA ) VALUES
 ( 1, 1, 'Bancos', 'auxiliar', 0, 'P', 1, 4 ),
 ( 2, 1, 'Diario general', 'diario', 0, 'P', 1, 4 );

DROP TABLE IF EXISTS `tbl_marcador` CASCADE;

CREATE TABLE `tbl_marcador` (
  `id` int(11) NOT NULL AUTO_INCREMENT,
  `contabilidad` int(11) NOT NULL,
  `nombre` varchar(12) NOT NULL,
  `descrip` tinytext,
  PRIMARY KEY (`id`,`contabilidad`),
  KEY `fk_tbl_marcador_tbl_contabilidad1_idx` (`contabilidad`),
  CONSTRAINT `fk_tbl_marcador_tbl_contabilidad1` FOREIGN KEY (`contabilidad`) REFERENCES `tbl_contabilidad` (`id`) ON UPDATE CASCADE
) ENGINE=InnoDB AUTO_INCREMENT=82 DEFAULT CHARSET=utf8;

INSERT INTO `tbl_marcador` ( ID, CONTABILIDAD, NOMBRE, DESCRIP ) VALUES
 ( 1, 1, '2071001', '1.1.1.1 Director de Programa (1/4)\r\n2071002\"' ),
 ( 2, 1, '2071003', '1.1.1.3 Tecnicos/as de campo (3)' ),
 ( 3, 1, '2071004', '1.1.1.4 Tecnica en genero y multiculturalidad' ),
 ( 4, 1, '2071005', '1.1.1.5 Tecnico municipal' ),
 ( 5, 1, '2071006', '1.1.1.6 Promotores comunitarios' ),
 ( 6, 1, '2071007', '1.1.1.7 Alfabetizadores' ),
 ( 7, 1, '2071008', '1.1.1.8 Tecnico forestal' ),
 ( 8, 1, '2071009', '1.1.2.1 Administrador' ),
 ( 9, 1, '2071010', '1.1.2.3 Asistente adminsitrativo y secretarial' ),
 ( 10, 1, '2071011', '1.1.2.4 Logista' ),
 ( 11, 1, '2071067', '5.2.3 Asesoría metodologica para lar ealización de modelos de desarrollo' ),
 ( 12, 1, '2071072', '5.2.8 Asesorias tecnicas externas' ),
 ( 13, 1, '2071073', '5.5.1 SErvicios de traducción' ),
 ( 14, 1, '2071074', '5.7.1 Diplomados para guardinaas de agua y guardas forestales' ),
 ( 15, 1, '2072035', '3.1.1 Vehiculo 4x4' ),
 ( 16, 1, '2072036', '3.1.2 Motocicletas' ),
 ( 17, 1, '2072037', '3.2.1.1 Equipo de computo' ),
 ( 18, 1, '2072038', '3.2.1.2 Mobiliario de oficina' ),
 ( 19, 1, '2072039', '3.3.1 Dotaciones de herramientas y equipos basicos para manejo forestal' ),
 ( 20, 1, '2072040', '3.3.3 Equipamiento de guardas forestales' ),
 ( 21, 1, '2072041', '3.5.1 Material bibliografico y cartografico para las OFM' ),
 ( 22, 1, '2072042', '3.5.2 Equipamiento para experiencias piloto comunitarios' ),
 ( 23, 1, '2072043', '3.5.4 Documento de identificación personal de mujeres' ),
 ( 24, 1, '2072044', '3.5.5 Establecimiento de planes pilotos de reforestación en 3 areas' ),
 ( 25, 1, '2072048', '3.5.8 Material didáctico y bibliográfico para diplomados de formación' ),
 ( 26, 1, '2072049', '3.5.9 Equipamiento de guardianas del agua' ),
 ( 27, 1, '2072050', '3.5.10 Materiales de campañas de sensibilización y formación' ),
 ( 28, 1, '2072051', '3.5.11 Materiales para recuperación de areas de ocio y recreación' ),
 ( 29, 1, '2072052', '3.5.12 Materiales para construcción de estufas mejoradas' ),
 ( 30, 1, '2072053', '3.5.13 Materiales para construcción de sistemas de tratamiento' ),
 ( 31, 1, '2072055', '4.1.1 Mantenimiento de vehiculo' ),
 ( 32, 1, '2072056', '4.1.2 Mantenimiento motocicletas' ),
 ( 33, 1, '2072057', '4.1.3 Seguro de vehiculos' ),
 ( 34, 1, '2072058', '4.1.4 Seguros motocicletas' ),
 ( 35, 1, '2072061', '4.3.1 Material oficina (papelería, tintas, toner)' ),
 ( 36, 1, '2072062', '4.4.1 Servicios oficina (tel, fax, electr, manteni)' ),
 ( 37, 1, '2072069', '5.2.5 Diseño de estufas mejoradas, pertinentel cultural' ),
 ( 38, 1, '2072070', '5.2.6 Estudios técnicos para construcción de sistema de tratamiento' ),
 ( 39, 1, '2072076', '5.8 Materiales de campañas de sensibilización y formación en conservación' ),
 ( 40, 1, '2072077', '5.8 Materiales de campañas de sensibilización y formación en conservación' ),
 ( 41, 1, '2072082', '3.2.2 Equipamiento para la oficina de la acción' ),
 ( 42, 1, '2072083', '3.5.3 Material didáctico para talleres' ),
 ( 43, 1, '2072084', 'MANEJO DE CUENTAS' ),
 ( 44, 1, '2074012', '1.3.1.1 Giras y/o visitas de intercambio El Salvadorl de OFM, OMP' ),
 ( 45, 1, '2074013', '1.3.1.2 Giras y/o visitas de intercambio Nicaragua de OFM, OMP' ),
 ( 46, 1, '2074014', '1.3.2.1 Reuniones y visitas para la presentación, cabildeo y  negociación' ),
 ( 47, 1, '2074015', '1.3.2.2 Giras y/o visitas de intercambio de comunitarios/as a areas forestales' ),
 ( 48, 1, '2074016', '1.3.2.3 Reuniones de coordinación de actores locales claves' ),
 ( 49, 1, '2074017', '1.3.2.4 Reuniones de la mesa de diálogo, negociación y seguimiento' ),
 ( 50, 1, '2074018', '1.3.2.5 Pasantías de estudiantes (Mínimo 4 estudiantes)' ),
 ( 51, 1, '2074019', '1.3.3.1 Talleres de formación y sensibilización a integrantes de Comisiones' ),
 ( 52, 1, '2074020', '1.3.3.2 Capacitación de organizaciones comunitarias, COCODE, COMUDE' ),
 ( 53, 1, '2074021', '1.3.3.3 Talleres de construcción de planes comunitarios' ),
 ( 54, 1, '2074022', '1.3.3.4 Encuentros regionales de comunidades forestales' ),
 ( 55, 1, '2074023', '1.3.3.5 Talleres de sensibilización en género a autoridades comunitarias' ),
 ( 56, 1, '2074024', '1.3.3.6 Talleres de fortalecimiento de agrupaciones de mujeres comunitarias' ),
 ( 57, 1, '2074025', '1.3.3.7 Talleres de formación y sensibilización a integrantes de Comisiones' ),
 ( 58, 1, '2074026', '1.3.3.8 Curso de formación de viveristas' ),
 ( 59, 1, '2074027', '1.3.3.9 Diplomado de formación para guardas forestales y guardianas' ),
 ( 60, 1, '2074028', '2.1.1 Giras y/o visitas de intercambio del personal de OFM, OMP, C.A.' ),
 ( 61, 1, '2074029', '2.1.3.1 Boletos de avión Europa - Guatemala' ),
 ( 62, 1, '2074030', '2.1.3.2 Traslado de Centroameríca a Guatemala' ),
 ( 63, 1, '2074031', '2.2.1 Movilización y giras de intercambio de comunitarios/as' ),
 ( 64, 1, '2074032', '2.2.2 Campaña de documentación e identificación personal' ),
 ( 65, 1, '2074033', '2.2.3 Diplomado de formación para guardas forestales y guardianas' ),
 ( 66, 1, '2074034', '2.2.4 Transporte para pasantías' ),
 ( 67, 1, '2074046', '3.5.6 Reforestación de al menos 100 hectareas' ),
 ( 68, 1, '2074047', '3.5.7 Entrega de insumos para el establecimiento de viveros' ),
 ( 69, 1, '2074065', '5.2.1 Diagnostico/inventario de recursos forestales' ),
 ( 70, 1, '2074066', '5.2.2 Elaboración de estudio de reisgo en areas ppriorizadas' ),
 ( 71, 1, '2074068', '5.2.4 Realización de documental sobre areas naturales de itneres' ),
 ( 72, 1, '2074071', '5.2.7 Elaboración de estudios de impacto ambiental, social y económico' ),
 ( 73, 1, '2074075', '5.7.2 Encuentro centroamericano-europeo para compartir y evaluar' ),
 ( 74, 1, '2074078', '1.3.2.7 Dietas para personal para la acción' ),
 ( 75, 1, '2074079', '1.3.3.10 Talleres y reuniones para la elaboración de la politica mancomunada' ),
 ( 76, 1, '2074080', '1.3.3.11 Dietas para la campaña de documentación e identificación' ),
 ( 77, 1, '2074081', '2.2.5 Transporte para personal para la acción' ),
 ( 78, 1, '2075054', '3.5.14 Combustible para actividades en comunidades' ),
 ( 79, 1, '2075059', '4.1.5 Combustible desplazamientos a oficina en terreno' ),
 ( 80, 1, '2075060', '4.2.1 Alquiler de oficina área de ejecución' ),
 ( 81, 1, '2078063', '5.1.1 Publicación y divulgación de planes de desarrollo y ordenamiento \r\n2078064\"' );

DROP TABLE IF EXISTS `tbl_partida` CASCADE;

CREATE TABLE `tbl_partida` (
  `id` int(11) NOT NULL AUTO_INCREMENT,
  `contabilidad` int(11) NOT NULL,
  `libro` int(11) NOT NULL,
  `periodo` int(11) NOT NULL,
  `fecha` date NOT NULL,
  `tipo_partida` int(11) NOT NULL,
  `numero_partida` tinytext,
  `referencia` tinytext,
  `concepto` tinytext,
  `debe` double DEFAULT NULL,
  `haber` double DEFAULT NULL,
  `anulada` tinyint(1) DEFAULT NULL,
  PRIMARY KEY (`id`,`contabilidad`,`libro`,`periodo`,`tipo_partida`),
  KEY `fk_tbl_partida_tbl_periodo1_idx` (`periodo`),
  KEY `fk_tbl_partida_tbl_libro1_idx` (`libro`,`contabilidad`),
  KEY `fk_tbl_partida_tbl_tipo_partida1_idx` (`tipo_partida`),
  CONSTRAINT `fk_tbl_partida_tbl_libro1` FOREIGN KEY (`libro`, `contabilidad`) REFERENCES `tbl_libro` (`id`, `contabilidad`) ON UPDATE CASCADE,
  CONSTRAINT `fk_tbl_partida_tbl_periodo1` FOREIGN KEY (`periodo`) REFERENCES `tbl_periodo` (`id`) ON UPDATE CASCADE,
  CONSTRAINT `fk_tbl_partida_tbl_tipo_partida1` FOREIGN KEY (`tipo_partida`) REFERENCES `tbl_tipo_partida` (`id`) ON UPDATE CASCADE
) ENGINE=InnoDB DEFAULT CHARSET=utf8;


DROP TABLE IF EXISTS `tbl_partida_detalle` CASCADE;

CREATE TABLE `tbl_partida_detalle` (
  `id` int(11) NOT NULL AUTO_INCREMENT,
  `partida` int(11) NOT NULL,
  `catalogo` int(11) NOT NULL,
  `cuenta` varchar(20) NOT NULL,
  `concepto` tinytext,
  `debe` double DEFAULT NULL,
  `haber` double DEFAULT NULL,
  `marcador` int(11) DEFAULT NULL,
  PRIMARY KEY (`id`,`partida`,`catalogo`,`cuenta`),
  KEY `fk_tbl_partida_detalle_tbl_partida1_idx` (`partida`),
  KEY `fk_tbl_partida_detalle_tbl_marcador1_idx` (`marcador`),
  KEY `fk_tbl_partida_detalle_tbl_cuenta1_idx` (`cuenta`,`catalogo`),
  CONSTRAINT `fk_tbl_partida_detalle_tbl_cuenta1` FOREIGN KEY (`cuenta`, `catalogo`) REFERENCES `tbl_cuenta` (`id`, `catalogo`) ON DELETE CASCADE ON UPDATE CASCADE,
  CONSTRAINT `fk_tbl_partida_detalle_tbl_marcador1` FOREIGN KEY (`marcador`) REFERENCES `tbl_marcador` (`id`) ON UPDATE CASCADE,
  CONSTRAINT `fk_tbl_partida_detalle_tbl_partida1` FOREIGN KEY (`partida`) REFERENCES `tbl_partida` (`id`) ON UPDATE CASCADE
) ENGINE=InnoDB DEFAULT CHARSET=utf8;


DROP TABLE IF EXISTS `tbl_periodo` CASCADE;

CREATE TABLE `tbl_periodo` (
  `id` int(11) NOT NULL AUTO_INCREMENT,
  `nombre` varchar(45) NOT NULL,
  `inicio` date NOT NULL,
  `fin` date NOT NULL,
  `ejercicio` varchar(10) NOT NULL,
  PRIMARY KEY (`id`)
) ENGINE=InnoDB AUTO_INCREMENT=73 DEFAULT CHARSET=utf8;

INSERT INTO `tbl_periodo` ( ID, NOMBRE, INICIO, FIN, EJERCICIO ) VALUES
 ( 1, 'Enero/2010', '2010-01-01', '2010-01-31', '2010' ),
 ( 2, 'Febrero/2010', '2010-02-01', '2010-02-28', '2010' ),
 ( 3, 'Marzo/2010', '2010-03-01', '2010-03-31', '2010' ),
 ( 4, 'Abril/2010', '2010-04-01', '2010-04-30', '2010' ),
 ( 5, 'Mayo/2010', '2010-05-01', '2010-05-31', '2010' ),
 ( 6, 'Junio/2010', '2010-06-01', '2010-06-30', '2010' ),
 ( 7, 'Julio/2010', '2010-07-01', '2010-07-31', '2010' ),
 ( 8, 'Agosto/2010', '2010-08-01', '2010-08-31', '2010' ),
 ( 9, 'Septiembre/2010', '2010-09-01', '2010-09-30', '2010' ),
 ( 10, 'Octubre/2010', '2010-10-01', '2010-10-31', '2010' ),
 ( 11, 'Noviembre/2010', '2010-11-01', '2010-11-30', '2010' ),
 ( 12, 'Diciembre/2010', '2010-12-01', '2010-12-31', '2010' ),
 ( 13, 'Enero/2011', '2011-01-01', '2011-01-31', '2011' ),
 ( 14, 'Febrero/2011', '2011-02-01', '2011-02-28', '2011' ),
 ( 15, 'Marzo/2011', '2011-03-01', '2011-03-31', '2011' ),
 ( 16, 'Abril/2011', '2011-04-01', '2011-04-30', '2011' ),
 ( 17, 'Mayo/2011', '2011-05-01', '2011-05-31', '2011' ),
 ( 18, 'Junio/2011', '2011-06-01', '2011-06-30', '2011' ),
 ( 19, 'Julio/2011', '2011-07-01', '2011-07-31', '2011' ),
 ( 20, 'Agosto/2011', '2011-08-01', '2011-08-31', '2011' ),
 ( 21, 'Septiembre/2011', '2011-09-01', '2011-09-30', '2011' ),
 ( 22, 'Octubre/2011', '2011-10-01', '2011-10-31', '2011' ),
 ( 23, 'Noviembre/2011', '2011-11-01', '2011-11-30', '2011' ),
 ( 24, 'Diciembre/2011', '2011-12-01', '2011-12-31', '2011' ),
 ( 25, 'Enero/2012', '2012-01-01', '2012-01-31', '2012' ),
 ( 26, 'Febrero/2012', '2012-02-01', '2012-02-29', '2012' ),
 ( 27, 'Marzo/2012', '2012-03-01', '2012-03-31', '2012' ),
 ( 28, 'Abril/2012', '2012-04-01', '2012-04-30', '2012' ),
 ( 29, 'Mayo/2012', '2012-05-01', '2012-05-31', '2012' ),
 ( 30, 'Junio/2012', '2012-06-01', '2012-06-30', '2012' ),
 ( 31, 'Julio/2012', '2012-07-01', '2012-07-31', '2012' ),
 ( 32, 'Agosto/2012', '2012-08-01', '2012-08-31', '2012' ),
 ( 33, 'Septiembre/2012', '2012-09-01', '2012-09-30', '2012' ),
 ( 34, 'Octubre/2012', '2012-10-01', '2012-10-31', '2012' ),
 ( 35, 'Noviembre/2012', '2012-11-01', '2012-11-30', '2012' ),
 ( 36, 'Diciembre/2012', '2012-12-01', '2012-12-31', '2012' ),
 ( 37, 'Enero/2013', '2013-01-01', '2013-01-31', '2013' ),
 ( 38, 'Febrero/2013', '2013-02-01', '2013-02-28', '2013' ),
 ( 39, 'Marzo/2013', '2013-03-01', '2013-03-31', '2013' ),
 ( 40, 'Abril/2013', '2013-04-01', '2013-04-30', '2013' ),
 ( 41, 'Mayo/2013', '2013-05-01', '2013-05-31', '2013' ),
 ( 42, 'Junio/2013', '2013-06-01', '2013-06-30', '2013' ),
 ( 43, 'Julio/2013', '2013-07-01', '2013-07-31', '2013' ),
 ( 44, 'Agosto/2013', '2013-08-01', '2013-08-31', '2013' ),
 ( 45, 'Septiembre/2013', '2013-09-01', '2013-09-30', '2013' ),
 ( 46, 'Octubre/2013', '2013-10-01', '2013-10-31', '2013' ),
 ( 47, 'Noviembre/2013', '2013-11-01', '2013-11-30', '2013' ),
 ( 48, 'Diciembre/2013', '2013-12-01', '2013-12-31', '2013' ),
 ( 49, 'Enero/2014', '2014-01-01', '2014-01-31', '2014' ),
 ( 50, 'Febrero/2014', '2014-02-01', '2014-02-28', '2014' ),
 ( 51, 'Marzo/2014', '2014-03-01', '2014-03-31', '2014' ),
 ( 52, 'Abril/2014', '2014-04-01', '2014-04-30', '2014' ),
 ( 53, 'Mayo/2014', '2014-05-01', '2014-05-31', '2014' ),
 ( 54, 'Junio/2014', '2014-06-01', '2014-06-30', '2014' ),
 ( 55, 'Julio/2014', '2014-07-01', '2014-07-31', '2014' ),
 ( 56, 'Agosto/2014', '2014-08-01', '2014-08-31', '2014' ),
 ( 57, 'Septiembre/2014', '2014-09-01', '2014-09-30', '2014' ),
 ( 58, 'Octubre/2014', '2014-10-01', '2014-10-31', '2014' ),
 ( 59, 'Noviembre/2014', '2014-11-01', '2014-11-30', '2014' ),
 ( 60, 'Diciembre/2014', '2014-12-01', '2014-12-31', '2014' ),
 ( 61, 'Enero/2015', '2015-01-01', '2015-01-31', '2015' ),
 ( 62, 'Febrero/2015', '2015-02-01', '2015-02-28', '2015' ),
 ( 63, 'Marzo/2015', '2015-03-01', '2015-03-31', '2015' ),
 ( 64, 'Abril/2015', '2015-04-01', '2015-04-30', '2015' ),
 ( 65, 'Mayo/2015', '2015-05-01', '2015-05-31', '2015' ),
 ( 66, 'Junio/2015', '2015-06-01', '2015-06-30', '2015' ),
 ( 67, 'Julio/2015', '2015-07-01', '2015-07-31', '2015' ),
 ( 68, 'Agosto/2015', '2015-08-01', '2015-08-31', '2015' ),
 ( 69, 'Septiembre/2015', '2015-09-01', '2015-09-30', '2015' ),
 ( 70, 'Octubre/2015', '2015-10-01', '2015-10-31', '2015' ),
 ( 71, 'Noviembre/2015', '2015-11-01', '2015-11-30', '2015' ),
 ( 72, 'Diciembre/2015', '2015-12-01', '2015-12-31', '2015' );

DROP TABLE IF EXISTS `tbl_tipo_partida` CASCADE;

CREATE TABLE `tbl_tipo_partida` (
  `id` int(11) NOT NULL AUTO_INCREMENT,
  `nombre` tinytext NOT NULL,
  `descrip` text,
  `editable` tinyint(1) DEFAULT NULL,
  PRIMARY KEY (`id`)
) ENGINE=InnoDB AUTO_INCREMENT=8 DEFAULT CHARSET=utf8;

INSERT INTO `tbl_tipo_partida` ( ID, NOMBRE, DESCRIP, EDITABLE ) VALUES
 ( 1, 'CHE', null, 0 ),
 ( 2, 'DEP', null, 0 ),
 ( 3, 'NCR', null, 0 ),
 ( 4, 'NDB', null, 0 ),
 ( 5, 'PAP', null, 0 ),
 ( 6, 'PCI', null, 0 ),
 ( 7, 'POL', null, 0 );

DROP TABLE IF EXISTS `tbl_user_contab` CASCADE;

CREATE TABLE `tbl_user_contab` (
  `user` int(11) NOT NULL,
  `contabilidad` int(11) NOT NULL,
  PRIMARY KEY (`user`,`contabilidad`),
  UNIQUE KEY `UNIQUE` (`user`,`contabilidad`),
  KEY `fk_tbl_user_contab_tbl_contabilidad1_idx` (`contabilidad`),
  CONSTRAINT `fk_tbl_user_contab_tbl_contabilidad1` FOREIGN KEY (`contabilidad`) REFERENCES `tbl_contabilidad` (`id`) ON DELETE CASCADE ON UPDATE CASCADE,
  CONSTRAINT `fk_tbl_user_contab_tbl_users1` FOREIGN KEY (`user`) REFERENCES `tbl_users` (`id`) ON UPDATE CASCADE
) ENGINE=InnoDB DEFAULT CHARSET=utf8;


DROP TABLE IF EXISTS `tbl_user_permits` CASCADE;

CREATE TABLE `tbl_user_permits` (
  `user` int(11) NOT NULL,
  `permit` varchar(45) NOT NULL,
  PRIMARY KEY (`user`,`permit`),
  CONSTRAINT `fk_tbl_user_permits_tbl_users` FOREIGN KEY (`user`) REFERENCES `tbl_users` (`id`) ON DELETE CASCADE ON UPDATE CASCADE
) ENGINE=InnoDB DEFAULT CHARSET=utf8;

INSERT INTO `tbl_user_permits` ( USER, PERMIT ) VALUES
 ( 1, '1' ),
 ( 1, '10' ),
 ( 1, '103' ),
 ( 1, '104' ),
 ( 1, '11' ),
 ( 1, '13' ),
 ( 1, '14' ),
 ( 1, '2' ),
 ( 1, '21' ),
 ( 1, '22' ),
 ( 1, '24' ),
 ( 1, '3' ),
 ( 1, '37' ),
 ( 1, '4' ),
 ( 1, '5' ),
 ( 1, '6' ),
 ( 1, '7' ),
 ( 1, '8' ),
 ( 1, '9' ),
 ( 2, '1' ),
 ( 2, '10' ),
 ( 2, '103' ),
 ( 2, '104' ),
 ( 2, '11' ),
 ( 2, '13' ),
 ( 2, '14' ),
 ( 2, '2' ),
 ( 2, '21' ),
 ( 2, '22' ),
 ( 2, '24' ),
 ( 2, '3' ),
 ( 2, '37' ),
 ( 2, '4' ),
 ( 2, '5' ),
 ( 2, '6' ),
 ( 2, '7' ),
 ( 2, '8' ),
 ( 2, '9' );

DROP TABLE IF EXISTS `tbl_users` CASCADE;

CREATE TABLE `tbl_users` (
  `id` int(11) NOT NULL AUTO_INCREMENT,
  `name` tinytext NOT NULL,
  `email` tinytext,
  `pass` tinytext,
  `type` int(11) DEFAULT NULL,
  `active` tinyint(1) DEFAULT NULL,
  PRIMARY KEY (`id`)
) ENGINE=InnoDB AUTO_INCREMENT=9 DEFAULT CHARSET=utf8;

INSERT INTO `tbl_users` ( ID, NAME, EMAIL, PASS, TYPE, ACTIVE ) VALUES
 ( 1, 'Administrador', null, null, 0, 1 ),
 ( 2, 'Administrador', 'dont@mail.me', 'root', 1, 1 ),
 ( 3, 'Supervisor', null, null, 0, 1 ),
 ( 4, 'Gerente', null, null, 0, 1 ),
 ( 5, 'Operador Avanzado', null, null, 0, 1 ),
 ( 6, 'Operador Medio', null, null, 0, 1 ),
 ( 7, 'Operador Basico', null, null, 0, 1 ),
 ( 8, 'Operador de Banco', null, null, 0, 1 );

